Player,Pos,G,MP,FG,FGA,FG%,3P,FT,FTA,FT%,TRB,AST,STL,BLK,TOV,PTS
Steven Adams,C,58,27.0,4.5,7.6,0.591,0.0,1.9,3.2,0.59,9.4,2.4,0.9,1.1,1.5,10.9
Bam Adebayo,PF,65,34.4,6.3,11.1,0.5670000000000001,0.0,3.6,5.3,0.69,10.5,5.1,1.2,1.3,2.8,16.2
LaMarcus Aldridge,C,53,33.1,7.4,15.0,0.493,1.2,3.0,3.6,0.8270000000000001,7.4,2.4,0.7,1.6,1.4,18.9
Nickeil Alexander-Walker,SG,41,12.2,1.9,5.5,0.33899999999999997,1.0,0.4,0.7,0.607,2.0,1.8,0.3,0.2,1.0,5.1
Grayson Allen,SG,31,16.8,2.6,5.8,0.45,1.1,1.0,1.2,0.833,2.2,1.4,0.3,0.0,0.8,7.3
Jarrett Allen,C,65,25.8,4.2,6.5,0.649,0.0,2.3,3.6,0.62,9.4,1.4,0.6,1.3,1.1,10.7
Kadeem Allen,SG,10,11.7,1.9,4.4,0.43200000000000005,0.5,0.7,1.1,0.636,0.9,2.1,0.5,0.2,0.8,5.0
Al-Farouq Aminu,PF,18,21.1,1.4,4.8,0.29100000000000004,0.5,1.1,1.6,0.655,4.8,1.2,1.0,0.4,0.9,4.3
Justin Anderson,SF,4,6.8,0.3,2.0,0.125,0.0,0.3,0.5,0.5,1.3,1.0,0.0,0.5,0.3,0.8
Kyle Anderson,PF,60,19.3,2.3,4.8,0.488,0.3,0.7,1.1,0.647,4.3,2.2,0.8,0.5,0.9,5.7
Ryan Anderson,PF,2,7.0,1.0,3.5,0.28600000000000003,0.5,0.0,0.0,,3.5,1.0,0.5,0.0,0.5,2.5
Giannis Antetokounmpo,PF,58,30.9,11.0,20.0,0.55,1.4,6.3,10.0,0.632,13.8,5.8,1.0,1.0,3.6,29.8
Kostas Antetokounmpo,PF,3,1.7,0.0,0.0,,0.0,0.0,0.0,,0.3,0.3,0.0,0.0,0.0,0.0
Thanasis Antetokounmpo,SF,18,5.2,1.1,2.0,0.528,0.0,0.4,0.8,0.467,1.1,0.5,0.3,0.1,0.6,2.5
Carmelo Anthony,PF,51,32.5,5.8,13.5,0.43,1.5,2.3,2.7,0.8490000000000001,6.3,1.5,0.8,0.5,1.8,15.4
OG Anunoby,SF,63,30.1,4.2,8.4,0.507,1.3,0.9,1.4,0.6859999999999999,5.4,1.6,1.4,0.7,1.2,10.7
Ryan Arcidiacono,PG,58,16.0,1.6,3.8,0.409,0.9,0.5,0.7,0.711,1.9,1.7,0.5,0.1,0.6,4.5
Trevor Ariza,SF,53,28.2,2.7,6.1,0.43799999999999994,1.5,1.2,1.4,0.838,4.6,1.7,1.3,0.3,1.1,8.0
D.J. Augustin,PG,50,24.8,3.2,8.1,0.397,1.2,2.8,3.1,0.885,2.2,4.5,0.6,0.0,1.4,10.4
Deandre Ayton,C,31,33.3,8.6,15.5,0.555,0.1,1.9,2.5,0.769,12.0,1.9,0.7,1.7,2.3,19.2
Dwayne Bacon,SG,39,17.6,2.2,6.3,0.348,0.5,0.9,1.4,0.66,2.6,1.3,0.6,0.1,0.9,5.7
Marvin Bagley III,PF,13,25.7,6.0,12.8,0.467,0.3,1.9,2.4,0.8059999999999999,7.5,0.8,0.5,0.9,1.4,14.2
Lonzo Ball,PG,57,32.4,4.6,11.2,0.40700000000000003,2.4,0.7,1.2,0.551,6.2,7.0,1.4,0.5,3.1,12.3
Mo Bamba,C,61,14.3,2.2,4.7,0.46299999999999997,0.6,0.5,0.8,0.674,4.9,0.7,0.4,1.4,0.7,5.4
J.J. Barea,PG,26,15.0,2.8,6.9,0.413,1.1,0.7,0.7,0.9440000000000001,1.8,3.8,0.2,0.1,1.3,7.5
Harrison Barnes,PF,65,34.9,5.1,11.0,0.461,1.4,3.0,3.8,0.8009999999999999,4.8,2.4,0.6,0.2,1.3,14.6
RJ Barrett,SG,56,30.4,5.2,13.0,0.402,1.1,2.8,4.5,0.614,5.0,2.6,1.0,0.3,2.2,14.3
Will Barton,SF,58,33.0,5.7,12.7,0.45,1.9,1.8,2.3,0.767,6.3,3.7,1.1,0.5,1.5,15.1
Keita Bates-Diop,SF,39,17.1,2.3,5.3,0.428,0.8,1.3,1.8,0.71,2.9,0.8,0.4,0.5,0.4,6.6
Nicolas Batum,SF,22,23.0,1.3,3.7,0.34600000000000003,0.6,0.4,0.5,0.9,4.5,3.0,0.8,0.4,1.0,3.6
Aron Baynes,C,42,22.2,4.4,9.1,0.48,1.4,1.3,1.8,0.747,5.6,1.6,0.2,0.5,1.2,11.5
Kent Bazemore,SF-SG,65,25.0,2.9,7.7,0.374,1.2,1.7,2.2,0.769,4.4,1.4,1.1,0.6,1.3,8.7
Darius Bazley,PF,53,17.2,1.7,4.3,0.38299999999999995,0.6,0.6,0.9,0.6809999999999999,3.7,0.5,0.4,0.7,0.8,4.5
Bradley Beal,SG,57,36.0,10.4,22.9,0.455,3.0,6.8,8.0,0.8420000000000001,4.2,6.1,1.2,0.4,3.4,30.5
Malik Beasley,SG,55,22.0,4.1,9.7,0.425,1.9,1.0,1.2,0.818,2.7,1.4,0.7,0.1,1.0,11.2
Marco Belinelli,SG,53,15.0,2.0,5.2,0.389,1.1,0.7,0.9,0.813,1.7,1.2,0.2,0.0,0.3,5.8
Jordan Bell,C-PF,29,8.8,1.2,2.3,0.522,0.1,0.7,1.1,0.613,2.8,0.6,0.1,0.3,0.7,3.2
DeAndre' Bembry,SG,43,21.3,2.4,5.3,0.456,0.3,0.6,1.1,0.542,3.5,1.9,1.3,0.4,1.4,5.8
Dragan Bender,SF,16,17.9,2.6,5.8,0.446,0.9,0.6,0.9,0.7140000000000001,4.6,1.8,0.3,0.6,1.3,6.7
Dāvis Bertāns,PF,54,29.3,4.9,11.3,0.434,3.7,1.9,2.3,0.852,4.5,1.7,0.7,0.6,1.1,15.4
Patrick Beverley,PG,49,26.8,2.9,6.8,0.428,1.6,0.6,0.9,0.674,5.3,3.7,1.1,0.5,1.3,8.0
Khem Birch,C,41,19.4,1.4,3.0,0.488,0.0,1.1,1.8,0.644,4.5,1.0,0.4,0.6,0.6,4.0
Goga Bitadze,C,49,8.4,1.2,2.6,0.473,0.1,0.5,0.7,0.727,2.0,0.4,0.1,0.7,0.5,3.1
Bismack Biyombo,C,53,19.4,2.8,5.2,0.5429999999999999,0.0,1.7,2.8,0.603,5.8,0.9,0.2,0.9,0.9,7.4
Nemanja Bjelica,PF,65,28.5,4.5,9.4,0.47700000000000004,1.9,0.9,1.1,0.8240000000000001,6.4,2.8,0.9,0.5,1.4,11.9
Eric Bledsoe,PG,56,27.2,5.7,11.8,0.48200000000000004,1.3,2.8,3.4,0.813,4.6,5.4,0.9,0.4,2.5,15.4
Bogdan Bogdanović,SG,54,28.6,5.3,12.1,0.436,2.6,1.4,2.0,0.7290000000000001,3.2,3.2,1.0,0.3,1.7,14.6
Bojan Bogdanović,SF,63,33.1,6.6,14.8,0.447,3.0,4.0,4.4,0.903,4.1,2.1,0.5,0.1,2.5,20.2
Jonah Bolden,PF,7,6.7,0.6,1.6,0.364,0.0,0.3,0.6,0.5,1.3,0.0,0.4,0.3,0.3,1.4
Marques Bolden,C,1,3.0,0.0,0.0,,0.0,0.0,0.0,,2.0,0.0,1.0,0.0,0.0,0.0
Jordan Bone,PG,10,5.3,0.5,2.0,0.25,0.2,0.0,0.0,,0.4,0.8,0.1,0.0,0.2,1.2
Isaac Bonga,SF,59,17.8,1.7,3.2,0.516,0.4,1.0,1.2,0.826,3.2,1.1,0.6,0.4,0.7,4.7
Devin Booker,SG,63,36.1,8.8,18.1,0.485,2.0,6.6,7.2,0.9179999999999999,4.2,6.5,0.7,0.3,4.0,26.1
Chris Boucher,PF,55,13.2,2.2,4.7,0.45799999999999996,0.5,1.5,1.9,0.7959999999999999,4.4,0.4,0.4,1.0,0.4,6.3
Brian Bowen,SG,5,5.8,0.4,1.8,0.222,0.0,0.0,0.0,,1.4,0.0,0.0,0.2,0.2,0.8
Ky Bowman,PG,45,22.6,3.0,7.1,0.41700000000000004,0.7,0.8,0.9,0.8290000000000001,2.7,2.9,1.0,0.2,1.6,7.4
Avery Bradley,SG,49,24.2,3.5,7.8,0.444,1.3,0.4,0.5,0.833,2.3,1.3,0.9,0.1,1.0,8.6
Tony Bradley,C,51,10.8,2.1,3.1,0.669,0.0,0.5,0.8,0.65,4.3,0.3,0.3,0.5,0.5,4.6
Jarrell Brantley,PF,5,2.6,0.0,0.0,,0.0,0.0,0.0,,1.0,0.2,0.0,0.4,0.4,0.0
Ignas Brazdeikis,SF,9,5.9,0.7,2.4,0.273,0.1,0.4,0.6,0.8,0.6,0.4,0.0,0.1,0.2,1.9
Mikal Bridges,SF,66,27.4,3.2,6.3,0.516,0.9,1.4,1.7,0.838,4.0,1.8,1.4,0.6,1.0,8.8
Miles Bridges,SF,65,30.7,4.9,11.6,0.424,1.5,1.6,2.0,0.809,5.6,1.8,0.6,0.7,1.5,13.0
Oshae Brissett,SF,19,7.1,0.7,1.9,0.361,0.2,0.4,0.5,0.8,1.4,0.4,0.2,0.1,0.4,1.9
Ryan Broekhoff,SG,17,10.6,1.3,3.5,0.373,1.2,0.4,0.5,0.875,2.5,0.6,0.3,0.2,0.4,4.2
Malcolm Brogdon,PG,48,30.7,6.0,13.7,0.439,1.3,3.0,3.4,0.895,4.7,7.1,0.7,0.2,2.4,16.3
Dillon Brooks,SG,66,28.6,5.7,14.3,0.402,2.0,2.2,2.7,0.8059999999999999,3.3,2.0,0.9,0.4,1.7,15.7
Bruce Brown,SG,58,28.2,3.4,7.7,0.44299999999999995,0.6,1.5,2.1,0.7390000000000001,4.7,4.0,1.1,0.5,1.7,8.9
Charlie Brown,SG,10,4.0,0.6,1.9,0.316,0.3,0.5,0.5,1.0,0.4,0.2,0.2,0.2,0.3,2.0
Jaylen Brown,SF,51,34.0,7.5,15.4,0.488,2.2,3.3,4.4,0.738,6.3,2.2,1.1,0.3,2.3,20.5
Moses Brown,C,9,3.7,0.4,1.1,0.4,0.0,0.3,0.9,0.375,1.6,0.1,0.1,0.1,0.3,1.2
Sterling Brown,SF,46,15.0,1.8,4.8,0.365,0.8,0.6,0.8,0.778,3.7,1.0,0.5,0.2,0.8,4.9
Troy Brown Jr.,SG,62,24.9,3.8,8.3,0.455,0.8,1.4,1.9,0.7609999999999999,5.3,2.3,1.2,0.1,1.0,9.8
Jalen Brunson,PG,57,17.9,3.2,6.8,0.466,0.8,1.1,1.3,0.813,2.4,3.3,0.4,0.1,1.2,8.2
Thomas Bryant,C,39,23.9,4.8,8.2,0.589,0.6,1.8,2.5,0.732,6.8,1.9,0.4,0.8,1.2,12.1
Reggie Bullock,SG,29,23.6,3.1,7.7,0.402,1.3,0.6,0.7,0.81,2.3,1.4,0.9,0.1,0.7,8.1
Trey Burke,PG,26,13.8,2.7,5.5,0.49,0.9,0.5,0.8,0.7,1.4,2.3,0.3,0.0,0.5,6.8
Alec Burks,SG,59,27.3,4.8,11.9,0.40399999999999997,1.7,3.8,4.3,0.8959999999999999,4.4,2.9,1.0,0.3,1.4,15.1
Deonte Burton,SG,34,8.4,1.1,3.1,0.371,0.3,0.2,0.4,0.5,1.4,0.3,0.1,0.3,0.4,2.8
Jimmy Butler,SF,54,34.3,6.1,13.4,0.45399999999999996,0.5,7.6,9.1,0.833,6.6,6.1,1.7,0.5,2.2,20.2
Bruno Caboclo,SF,27,8.1,1.2,2.9,0.41600000000000004,0.1,0.1,0.2,0.8,2.0,0.4,0.4,0.6,0.3,2.7
Kentavious Caldwell-Pope,SG,64,25.5,3.5,7.4,0.46799999999999997,1.4,1.2,1.5,0.7759999999999999,2.1,1.7,0.8,0.2,0.9,9.5
Vlatko Čančar,SF,14,3.2,0.4,1.1,0.4,0.1,0.3,0.3,1.0,0.7,0.2,0.1,0.1,0.2,1.2
Clint Capela,C,39,32.8,6.3,9.9,0.629,0.0,1.4,2.7,0.529,13.8,1.2,0.8,1.8,1.6,13.9
DeMarre Carroll,SF,21,11.0,1.0,2.6,0.389,0.3,1.1,1.7,0.667,2.2,0.9,0.2,0.2,0.8,3.5
Jevon Carter,PG,51,15.3,1.6,4.1,0.4,0.9,0.5,0.5,0.852,2.0,1.3,0.8,0.3,0.6,4.7
Vince Carter,SF,60,14.6,1.8,5.1,0.35200000000000004,1.0,0.4,0.5,0.7929999999999999,2.1,0.8,0.4,0.4,0.6,5.0
Wendell Carter Jr.,C,43,29.2,4.3,8.0,0.534,0.1,2.6,3.5,0.737,9.4,1.2,0.8,0.8,1.7,11.3
Michael Carter-Williams,SG,43,18.5,2.5,5.8,0.426,0.5,1.7,2.0,0.83,3.3,2.4,1.1,0.5,1.1,7.2
Alex Caruso,PG,59,18.0,1.9,4.5,0.419,0.6,1.0,1.4,0.7440000000000001,2.0,1.8,1.0,0.3,0.8,5.5
Willie Cauley-Stein,C,54,20.3,3.2,5.6,0.579,0.0,0.7,1.2,0.606,5.8,1.3,0.9,1.1,0.7,7.2
Tyson Chandler,C,26,8.4,0.5,0.7,0.778,0.0,0.2,0.5,0.462,2.5,0.2,0.2,0.3,0.3,1.3
Wilson Chandler,SF,35,21.0,2.1,5.2,0.40399999999999997,1.1,0.6,0.7,0.87,4.1,1.1,0.5,0.3,1.0,5.9
Joe Chealey,PG,4,8.3,0.0,1.8,0.0,0.0,0.5,0.5,1.0,0.0,0.3,1.0,0.0,0.5,0.5
Zylan Cheatham,SF,3,10.3,0.7,1.7,0.4,0.0,0.0,0.0,,2.0,0.7,0.0,0.3,1.0,1.3
Chris Chiozza,PG,22,12.1,1.5,3.9,0.38799999999999996,0.8,0.1,0.1,1.0,1.6,2.3,0.7,0.1,0.8,3.9
Marquese Chriss,PF,59,20.3,3.6,6.5,0.545,0.1,2.0,2.6,0.769,6.2,1.9,0.7,1.1,1.3,9.3
Gary Clark,PF,36,12.0,1.1,2.9,0.379,0.8,0.2,0.3,0.889,2.4,0.4,0.1,0.4,0.2,3.2
Brandon Clarke,PF,51,22.0,5.1,8.2,0.627,0.4,1.6,2.0,0.792,5.9,1.5,0.5,0.9,0.9,12.2
Jordan Clarkson,SG,64,24.4,5.6,12.0,0.465,2.0,2.0,2.4,0.8420000000000001,2.7,2.0,0.7,0.2,1.3,15.2
Nicolas Claxton,PF,15,12.5,1.8,3.2,0.563,0.1,0.7,1.4,0.524,2.9,1.1,0.1,0.5,0.6,4.4
Chris Clemons,SG,29,8.7,1.8,4.3,0.405,1.1,0.2,0.2,0.857,0.8,0.8,0.2,0.2,0.6,4.9
Antonius Cleveland,SG,7,3.1,0.3,0.9,0.33299999999999996,0.0,0.1,0.3,0.5,0.4,0.0,0.1,0.1,0.1,0.7
Amir Coffey,SG,14,7.4,1.0,2.4,0.41200000000000003,0.1,0.1,0.2,0.33299999999999996,1.0,0.6,0.1,0.1,0.2,2.2
John Collins,PF,41,33.2,8.6,14.8,0.583,1.4,2.9,3.7,0.8,10.1,1.5,0.8,1.6,1.8,21.6
Zach Collins,PF,4,30.8,3.0,7.0,0.429,1.0,1.5,1.5,1.0,5.3,2.3,0.3,0.5,1.5,8.5
Mike Conley,PG,42,28.7,4.9,12.0,0.406,2.0,2.3,2.9,0.802,3.2,4.3,0.8,0.1,1.9,14.0
Pat Connaughton,SG,61,18.3,2.0,4.3,0.456,0.7,0.4,0.6,0.75,4.2,1.6,0.3,0.5,0.8,5.1
Quinn Cook,PG,38,10.8,2.0,4.6,0.439,0.7,0.2,0.2,0.667,1.1,1.1,0.3,0.0,0.7,4.8
Tyler Cook,PF,11,3.2,0.6,0.9,0.7,0.0,0.5,0.5,0.833,0.9,0.1,0.1,0.0,0.1,1.7
Robert Covington,PF,63,30.3,4.5,10.5,0.429,2.4,1.4,1.8,0.804,6.5,1.2,1.5,1.3,1.5,12.8
Allen Crabbe,SG,37,17.6,1.7,4.8,0.35600000000000004,1.0,0.3,0.4,0.7140000000000001,2.1,0.9,0.4,0.1,0.5,4.6
Torrey Craig,SF,50,17.4,1.9,4.2,0.462,0.7,0.4,0.6,0.645,3.1,0.7,0.4,0.6,0.4,5.0
Jae Crowder,SF,58,29.2,3.4,8.8,0.384,1.9,1.6,2.1,0.785,6.1,2.6,1.2,0.4,1.1,10.4
Jarrett Culver,SG,63,23.9,3.7,9.0,0.40399999999999997,1.0,0.9,1.9,0.462,3.4,1.7,0.9,0.6,1.3,9.2
Seth Curry,SG,60,24.5,4.4,8.9,0.496,2.3,1.3,1.6,0.8190000000000001,2.3,2.0,0.6,0.2,1.0,12.4
Stephen Curry,PG,5,27.8,6.6,16.4,0.402,2.4,5.2,5.2,1.0,5.2,6.6,1.0,0.4,3.2,20.8
Troy Daniels,SG,42,10.9,1.5,3.8,0.39,1.0,0.2,0.4,0.625,1.1,0.3,0.2,0.1,0.2,4.1
Anthony Davis,PF,56,34.4,9.2,18.1,0.509,1.2,7.2,8.5,0.848,9.4,3.1,1.5,2.4,2.5,26.8
Ed Davis,C,25,10.7,0.6,1.4,0.41200000000000003,0.0,0.2,0.4,0.455,3.8,0.3,0.4,0.4,0.5,1.3
Terence Davis,SG,64,17.0,2.8,6.1,0.46299999999999997,1.4,0.7,0.8,0.865,3.4,1.7,0.5,0.2,1.0,7.7
Dewayne Dedmon,C,44,17.6,2.3,5.8,0.4,0.5,0.7,0.8,0.833,5.7,0.5,0.6,0.9,1.3,5.8
Matthew Dellavedova,PG,57,14.4,1.1,3.1,0.354,0.4,0.6,0.6,0.865,1.3,3.2,0.4,0.0,1.0,3.1
DeMar DeRozan,SF,62,34.3,8.3,15.6,0.529,0.1,5.6,6.6,0.841,5.6,5.6,1.0,0.2,2.4,22.2
Cheick Diallo,C,44,10.6,2.0,3.1,0.65,0.0,0.7,0.8,0.865,2.9,0.5,0.2,0.3,0.7,4.8
Hamidou Diallo,SF,38,18.4,2.6,5.8,0.452,0.2,0.7,1.2,0.622,3.2,0.6,0.7,0.2,1.0,6.1
Gorgui Dieng,C,58,17.4,2.7,5.9,0.461,0.9,1.1,1.4,0.735,5.8,1.2,0.8,1.0,0.9,7.4
Spencer Dinwiddie,SG,64,31.2,6.6,16.0,0.415,1.9,5.4,7.0,0.778,3.5,6.8,0.6,0.3,2.7,20.6
Donte DiVincenzo,SG,60,23.1,3.6,7.7,0.46299999999999997,1.3,1.0,1.3,0.769,4.9,2.3,1.3,0.3,1.2,9.4
Luka Dončić,PG,55,33.5,9.5,20.7,0.46,2.9,6.8,9.1,0.748,9.4,8.7,1.1,0.2,4.3,28.7
Luguentz Dort,SG,29,22.0,2.2,5.4,0.414,0.8,1.0,1.2,0.778,1.9,0.7,0.8,0.1,0.5,6.2
Damyean Dotson,SG,48,17.4,2.5,6.0,0.414,1.2,0.5,0.7,0.667,1.9,1.2,0.5,0.1,0.4,6.7
Sekou Doumbouya,SF,38,19.8,2.4,6.2,0.39,0.7,0.8,1.2,0.674,3.1,0.5,0.5,0.2,0.9,6.4
PJ Dozier,PG,21,11.1,1.7,4.3,0.396,0.3,0.3,0.5,0.636,1.4,1.4,0.3,0.2,0.5,4.1
Goran Dragić,PG,54,28.4,5.4,12.3,0.43700000000000006,2.2,3.1,4.1,0.769,3.1,5.1,0.6,0.1,2.5,16.1
Andre Drummond,C,57,33.0,7.3,13.8,0.5329999999999999,0.1,3.0,5.2,0.575,15.2,2.7,1.9,1.6,3.6,17.7
Jared Dudley,SF,40,7.8,0.5,1.3,0.4,0.4,0.1,0.1,1.0,1.1,0.5,0.3,0.1,0.2,1.5
Kris Dunn,PG,51,24.9,3.0,6.7,0.444,0.6,0.8,1.1,0.741,3.6,3.4,2.0,0.3,1.3,7.3
Carsen Edwards,SG,35,9.0,1.1,3.2,0.327,0.6,0.3,0.4,0.846,1.2,0.6,0.3,0.1,0.4,3.0
Henry Ellenson,PF,5,3.0,0.2,1.4,0.14300000000000002,0.0,0.0,0.0,,1.2,0.2,0.0,0.0,0.0,0.4
Wayne Ellington,SG,36,15.5,1.7,4.8,0.35100000000000003,1.4,0.3,0.4,0.846,1.8,1.2,0.4,0.1,0.5,5.1
Joel Embiid,C,44,30.2,7.5,15.9,0.474,1.3,7.1,8.7,0.8140000000000001,11.8,3.1,0.9,1.3,3.1,23.4
James Ennis,SF,62,17.4,2.1,4.8,0.439,0.8,1.1,1.3,0.805,3.3,0.9,0.5,0.3,0.7,6.0
Drew Eubanks,PF,15,8.8,1.5,1.9,0.759,0.1,0.5,0.7,0.727,2.3,0.3,0.1,0.4,0.7,3.5
Jacob Evans,SG,29,14.4,1.6,4.6,0.336,0.4,0.9,1.0,0.862,1.4,1.1,0.4,0.4,0.9,4.4
Dante Exum,SG,35,13.9,1.6,3.4,0.47100000000000003,0.4,0.9,1.2,0.7440000000000001,1.9,1.1,0.4,0.2,0.9,4.5
Tacko Fall,C,6,4.0,1.5,2.0,0.75,0.0,0.2,0.5,0.33299999999999996,1.8,0.0,0.0,0.3,0.5,3.2
Derrick Favors,C,46,24.3,4.1,6.7,0.617,0.0,0.8,1.3,0.581,9.8,1.7,0.6,1.0,1.2,9.1
Cristiano Felício,PF,22,17.5,1.5,2.5,0.63,0.0,0.8,1.0,0.7829999999999999,4.6,0.7,0.5,0.1,0.8,3.9
Terrance Ferguson,SF,50,23.4,1.5,4.0,0.37200000000000005,0.9,0.3,0.4,0.789,1.5,0.9,0.5,0.3,0.6,4.2
Bruno Fernando,C,56,12.7,1.8,3.6,0.518,0.1,0.5,0.9,0.569,3.5,0.9,0.3,0.3,0.8,4.3
Yogi Ferrell,PG,44,11.0,1.5,3.8,0.396,0.4,0.7,0.8,0.865,1.1,1.3,0.3,0.1,0.6,4.2
Dorian Finney-Smith,PF,65,29.6,3.3,7.1,0.466,1.6,1.1,1.5,0.722,5.5,1.6,0.7,0.6,1.0,9.3
Bryn Forbes,SG,63,25.1,3.8,9.2,0.41700000000000004,2.3,1.2,1.4,0.833,2.0,1.7,0.5,0.0,0.9,11.2
Evan Fournier,SG,62,31.5,6.7,14.3,0.473,2.7,2.7,3.3,0.82,2.5,3.2,1.1,0.2,2.0,18.9
De'Aaron Fox,PG,46,31.8,7.5,15.8,0.47700000000000004,1.0,4.8,6.8,0.7040000000000001,4.0,6.7,1.4,0.5,3.1,20.8
Melvin Frazier,SG,16,3.4,0.4,1.1,0.353,0.3,0.1,0.3,0.5,0.3,0.1,0.3,0.1,0.2,1.1
Michael Frazier,SG,8,8.3,0.5,1.4,0.364,0.3,0.5,0.8,0.667,0.4,0.1,0.3,0.0,0.3,1.8
Tim Frazier,PG,27,13.1,1.3,3.5,0.36200000000000004,0.4,0.7,0.9,0.792,1.2,3.4,0.5,0.1,1.3,3.6
Markelle Fultz,PG,65,28.2,5.0,10.5,0.473,0.5,1.6,2.2,0.723,3.3,5.2,1.3,0.2,2.0,12.0
Wenyen Gabriel,PF,28,7.5,0.7,1.6,0.435,0.2,0.5,0.7,0.7,1.6,0.3,0.4,0.2,0.6,2.1
Daniel Gafford,C,43,14.2,2.2,3.1,0.701,0.0,0.7,1.4,0.5329999999999999,2.5,0.5,0.3,1.3,0.7,5.1
Danilo Gallinari,PF,55,30.7,6.0,13.6,0.439,3.0,4.3,4.8,0.8859999999999999,5.5,2.1,0.7,0.1,1.3,19.2
Langston Galloway,SG,66,25.8,3.6,8.2,0.435,2.0,1.1,1.3,0.8590000000000001,2.3,1.5,0.7,0.2,0.6,10.3
Darius Garland,PG,59,30.9,4.7,11.8,0.401,1.8,1.1,1.2,0.875,1.9,3.9,0.7,0.1,2.6,12.3
Marc Gasol,C,36,27.5,2.8,6.6,0.419,1.4,0.7,1.0,0.722,6.3,3.4,0.8,0.9,1.2,7.6
Rudy Gay,PF,61,21.5,3.8,8.5,0.445,1.0,1.6,1.9,0.8759999999999999,5.4,1.7,0.4,0.5,1.3,10.2
Paul George,SF,43,29.2,7.0,16.1,0.43700000000000006,3.2,3.9,4.4,0.8740000000000001,5.7,3.8,1.4,0.5,2.7,21.2
Taj Gibson,C,62,16.5,2.7,4.6,0.584,0.1,0.7,0.9,0.732,4.3,0.8,0.4,0.5,0.8,6.1
Harry Giles,PF,39,14.9,3.0,5.4,0.56,0.0,0.8,1.1,0.767,4.1,1.3,0.5,0.4,0.9,6.8
Shai Gilgeous-Alexander,SG,63,35.1,7.0,14.8,0.473,1.2,4.0,5.0,0.8009999999999999,6.1,3.3,1.1,0.7,1.9,19.3
Rudy Gobert,C,63,34.5,5.7,8.2,0.695,0.0,3.7,5.9,0.624,13.7,1.5,0.7,2.0,2.0,15.0
Brandon Goodwin,PG,34,12.6,2.2,5.6,0.4,0.8,0.8,0.9,0.9329999999999999,2.1,1.5,0.4,0.1,0.9,6.1
Aaron Gordon,PF,59,32.9,5.4,12.4,0.43200000000000005,1.2,2.4,3.6,0.6779999999999999,7.7,3.7,0.8,0.6,1.6,14.3
Eric Gordon,SG,34,28.6,4.8,12.9,0.37,2.7,2.3,3.0,0.757,1.9,1.5,0.6,0.4,1.1,14.5
Devonte' Graham,PG,63,35.1,5.8,15.3,0.382,3.5,3.0,3.7,0.82,3.4,7.5,1.0,0.2,2.9,18.2
Treveon Graham,SG,55,16.9,1.6,4.4,0.36,0.6,0.7,1.0,0.643,2.7,0.8,0.4,0.1,0.5,4.4
Jerami Grant,PF,64,26.2,4.1,8.7,0.47100000000000003,1.4,2.0,2.7,0.7440000000000001,3.5,1.2,0.7,0.8,0.9,11.6
Jerian Grant,G,1,10.0,2.0,2.0,1.0,1.0,0.0,0.0,,1.0,1.0,0.0,0.0,0.0,5.0
Josh Gray,PG,2,11.5,0.5,1.0,0.5,0.0,0.0,0.0,,1.0,1.0,0.0,0.0,2.5,1.0
Danny Green,SG,62,25.1,2.9,7.0,0.418,1.9,0.5,0.7,0.727,3.3,1.4,1.2,0.5,0.9,8.2
Draymond Green,PF,43,28.4,2.9,7.3,0.389,0.8,1.5,1.9,0.759,6.2,6.2,1.4,0.8,2.3,8.0
JaMychal Green,PF,56,20.7,2.3,5.5,0.41600000000000004,1.4,0.6,0.8,0.727,6.3,0.8,0.4,0.4,0.8,6.5
Javonte Green,SF,44,9.4,1.1,2.2,0.5,0.1,0.5,0.8,0.639,1.8,0.5,0.5,0.2,0.4,2.9
Jeff Green,PF,41,18.9,2.9,6.6,0.444,1.2,1.4,1.8,0.784,2.8,0.8,0.5,0.4,0.9,8.5
Blake Griffin,PF,18,28.4,4.9,13.9,0.35200000000000004,1.5,4.2,5.4,0.7759999999999999,4.7,3.3,0.4,0.4,2.2,15.5
Marko Guduric,SG,42,11.3,1.5,3.7,0.396,0.6,0.5,0.6,0.92,1.7,1.1,0.3,0.2,0.9,4.0
Kyle Guy,SG,2,2.0,0.5,1.0,0.5,0.0,0.0,0.0,,0.0,0.0,0.0,0.0,0.0,1.0
Rui Hachimura,PF,42,29.7,5.4,11.2,0.48,0.5,2.3,2.8,0.836,6.1,1.7,0.8,0.2,1.1,13.5
Devon Hall,SG,5,4.0,0.2,1.0,0.2,0.0,0.6,0.8,0.75,0.2,0.6,0.0,0.0,0.2,1.0
Donta Hall,PF,5,12.0,0.8,1.4,0.5710000000000001,0.0,1.2,2.2,0.545,3.6,0.4,0.2,0.4,0.4,2.8
Dusty Hannahs,SG,2,6.5,2.0,4.5,0.444,1.0,1.0,1.0,1.0,0.5,0.0,0.0,0.0,0.0,6.0
Tim Hardaway Jr.,SG,64,29.0,5.5,12.6,0.43799999999999994,3.0,2.0,2.5,0.81,3.2,2.0,0.6,0.1,1.0,16.0
James Harden,SG,62,36.9,10.0,22.7,0.439,4.4,10.3,11.9,0.861,6.4,7.4,1.8,0.9,4.4,34.6
Maurice Harkless,SF,62,23.0,2.3,4.6,0.502,0.5,0.6,1.1,0.591,3.9,1.1,0.9,0.5,0.9,5.8
Jared Harper,PG,3,2.7,0.3,1.3,0.25,0.0,0.0,0.0,,0.0,0.0,0.0,0.0,0.0,0.7
Montrezl Harrell,C,63,27.8,7.5,12.9,0.58,0.0,3.7,5.6,0.6579999999999999,7.1,1.7,0.6,1.1,1.7,18.6
Gary Harris,SG,56,31.8,3.9,9.3,0.42,1.3,1.3,1.6,0.815,2.9,2.1,1.4,0.3,1.1,10.4
Joe Harris,SF,64,30.9,5.3,11.2,0.47200000000000003,2.4,1.0,1.3,0.738,4.3,2.1,0.6,0.3,1.5,13.9
Tobias Harris,PF,65,34.5,7.6,16.1,0.47200000000000003,1.8,2.4,2.9,0.8059999999999999,6.8,3.2,0.8,0.5,1.5,19.4
Shaquille Harrison,SF,43,11.3,1.8,3.8,0.467,0.4,0.9,1.2,0.78,2.0,1.1,0.8,0.4,0.4,4.9
Josh Hart,SF,58,27.3,3.5,8.4,0.418,1.9,1.2,1.6,0.7390000000000001,6.4,1.6,1.0,0.4,1.1,10.2
Isaiah Hartenstein,C,23,11.6,1.9,2.9,0.657,0.0,0.8,1.2,0.679,3.9,0.8,0.4,0.5,0.7,4.7
Udonis Haslem,PF,3,7.0,0.3,2.0,0.16699999999999998,0.0,1.0,1.3,0.75,2.7,0.3,0.0,0.0,0.0,1.7
Jaxson Hayes,C,57,17.0,2.7,4.2,0.6579999999999999,0.0,1.9,3.1,0.629,4.0,0.9,0.4,0.9,0.7,7.4
Gordon Hayward,SF,46,33.4,6.8,13.5,0.501,1.6,2.2,2.5,0.853,6.6,4.2,0.8,0.5,1.8,17.3
John Henson,PF,40,15.0,2.4,4.3,0.556,0.2,0.6,1.2,0.5,4.1,1.4,0.6,1.1,0.9,5.5
Dewan Hernandez,C,4,2.8,0.3,1.3,0.2,0.0,0.5,0.5,1.0,1.8,0.0,0.3,0.0,0.3,1.0
Juan Hernangómez,PF,48,17.4,2.1,5.1,0.405,0.9,0.9,1.5,0.62,4.1,0.8,0.4,0.2,0.7,6.0
Willy Hernangómez,C,31,12.1,2.4,4.5,0.532,0.2,1.2,1.9,0.627,4.3,0.9,0.3,0.2,1.0,6.1
Tyler Herro,SG,47,27.2,4.7,11.3,0.414,2.1,1.4,1.7,0.835,4.0,1.9,0.6,0.1,1.5,12.9
Kevin Hervey,PF,7,2.7,0.1,1.6,0.091,0.0,0.0,0.0,,0.3,0.1,0.0,0.0,0.0,0.3
Mario Hezonja,PF,48,16.5,1.7,4.0,0.428,0.5,0.9,1.1,0.818,3.5,0.9,0.6,0.2,0.8,4.9
Buddy Hield,SG,65,31.8,7.0,16.5,0.426,3.8,1.7,2.1,0.843,4.8,3.0,0.9,0.3,2.4,19.6
George Hill,PG,53,21.3,3.4,6.4,0.528,1.4,1.4,1.6,0.828,3.0,2.9,0.8,0.1,1.0,9.5
Solomon Hill,SF,54,18.4,1.9,4.6,0.40299999999999997,1.1,0.6,0.8,0.7140000000000001,2.9,1.8,0.7,0.2,0.9,5.4
Jaylen Hoard,SF,13,7.9,1.2,2.5,0.469,0.0,0.6,1.0,0.615,2.5,0.3,0.4,0.0,0.3,2.9
Aaron Holiday,PG,58,23.6,3.5,8.6,0.40700000000000003,1.4,1.1,1.2,0.861,2.3,3.3,0.8,0.2,1.3,9.4
Jrue Holiday,SG,56,35.0,7.7,16.9,0.45299999999999996,2.1,2.1,3.0,0.7,4.9,6.8,1.7,0.8,2.9,19.6
Justin Holiday,SG,65,24.9,2.9,6.6,0.44,1.9,0.7,0.9,0.78,3.2,1.3,1.2,0.6,0.6,8.4
Rondae Hollis-Jefferson,SF,52,19.2,2.7,5.7,0.47100000000000003,0.0,1.8,2.5,0.736,4.9,1.7,0.8,0.4,0.9,7.2
Richaun Holmes,C,40,28.7,5.3,8.2,0.653,0.0,2.1,2.6,0.8079999999999999,8.3,1.0,1.0,1.4,1.3,12.8
Rodney Hood,SF,21,29.5,4.1,8.2,0.506,1.7,1.0,1.3,0.778,3.4,1.5,0.8,0.2,0.9,11.0
Al Horford,C,60,30.8,4.8,10.9,0.442,1.5,0.9,1.2,0.753,6.9,4.1,0.9,0.9,1.1,12.0
Talen Horton-Tucker,SG,2,2.5,0.0,0.5,0.0,0.0,0.0,0.0,,0.0,1.0,0.5,0.0,0.0,0.0
Danuel House,SF,59,30.2,3.6,8.4,0.43,2.0,1.2,1.4,0.8,4.3,1.3,1.1,0.5,0.8,10.4
Dwight Howard,C,63,19.1,3.0,4.1,0.732,0.0,1.4,2.9,0.489,7.3,0.7,0.4,1.2,1.2,7.4
William Howard,SG,2,6.5,0.0,2.0,0.0,0.0,0.0,0.0,,1.0,0.5,0.0,0.0,0.5,0.0
Kevin Huerter,SG,56,31.4,4.5,10.9,0.413,2.3,0.9,1.1,0.828,4.1,3.8,0.9,0.5,1.6,12.2
De'Andre Hunter,SF,63,32.0,4.4,10.8,0.41,1.7,1.7,2.3,0.764,4.5,1.8,0.7,0.3,1.6,12.3
Chandler Hutchison,SF,28,18.8,2.9,6.3,0.457,0.4,1.6,2.8,0.59,3.9,0.9,1.0,0.3,1.0,7.8
Serge Ibaka,C,50,27.5,6.5,12.5,0.518,1.3,1.8,2.4,0.748,8.3,1.5,0.5,0.8,2.0,16.0
Andre Iguodala,SG,14,18.5,1.8,3.6,0.49,0.6,0.1,0.6,0.25,3.8,2.0,0.6,1.1,1.2,4.4
Ersan İlyasova,PF,57,15.9,2.4,5.1,0.473,0.8,1.2,1.4,0.835,4.9,0.8,0.4,0.2,0.6,6.8
Joe Ingles,SF,65,30.0,3.4,7.7,0.44299999999999995,1.9,1.1,1.4,0.775,4.0,5.1,0.9,0.1,2.0,9.8
Brandon Ingram,PF,57,34.2,8.4,18.0,0.46399999999999997,2.4,5.1,5.9,0.858,6.3,4.2,1.0,0.7,3.1,24.2
Kyrie Irving,PG,20,32.9,10.0,20.8,0.478,2.8,4.7,5.1,0.922,5.2,6.4,1.4,0.5,2.6,27.4
Jonathan Isaac,SF,33,29.2,4.7,10.0,0.47100000000000003,1.0,1.8,2.3,0.773,6.9,1.3,1.5,2.4,1.4,12.1
Wesley Iwundu,SF,45,18.0,1.7,4.3,0.397,0.5,1.4,1.7,0.816,2.5,1.0,0.6,0.2,0.4,5.3
Frank Jackson,PG,52,12.7,1.9,4.9,0.385,0.8,0.9,1.2,0.75,1.4,0.8,0.3,0.1,0.8,5.5
Jaren Jackson Jr.,C,55,28.3,6.1,13.1,0.467,2.6,2.4,3.2,0.743,4.7,1.4,0.7,1.6,1.7,17.2
Josh Jackson,SG,19,19.5,3.7,8.4,0.44,1.2,1.7,2.5,0.688,3.4,1.7,0.9,0.5,1.4,10.3
Justin Jackson,PF,59,15.9,2.1,5.3,0.397,0.8,0.6,0.7,0.818,2.4,0.8,0.2,0.2,0.2,5.6
Reggie Jackson,PG,24,24.6,4.6,11.1,0.41200000000000003,1.9,1.6,2.0,0.809,3.0,4.4,0.4,0.2,1.8,12.7
Justin James,SG,34,6.4,1.0,2.3,0.423,0.3,0.3,0.6,0.47600000000000003,0.9,0.5,0.2,0.3,0.2,2.5
LeBron James,PG,61,34.9,9.7,19.6,0.495,2.2,4.0,5.7,0.6990000000000001,7.9,10.5,1.2,0.5,4.0,25.6
Amile Jefferson,PF,18,4.1,0.3,0.8,0.35700000000000004,0.0,0.3,0.8,0.35700000000000004,1.3,0.2,0.1,0.2,0.2,0.8
DaQuan Jeffries,SG,7,3.7,0.6,1.1,0.5,0.1,0.3,0.3,1.0,0.3,0.1,0.1,0.0,0.0,1.6
Ty Jerome,PG,28,11.3,1.3,3.8,0.349,0.5,0.4,0.5,0.7859999999999999,1.5,1.5,0.5,0.1,0.6,3.5
Alize Johnson,SF,13,4.2,0.5,1.2,0.467,0.0,0.3,0.5,0.667,1.4,0.2,0.0,0.0,0.2,1.4
B.J. Johnson,SF,8,5.8,0.6,2.3,0.278,0.1,0.3,0.3,1.0,0.8,0.3,0.3,0.0,0.4,1.6
Cameron Johnson,PF,50,20.4,2.8,6.7,0.423,1.8,0.7,0.9,0.7659999999999999,2.9,1.1,0.6,0.3,0.6,8.2
James Johnson,PF,32,19.3,3.2,6.7,0.479,1.0,1.0,1.5,0.6459999999999999,3.7,2.3,0.8,1.0,1.5,8.4
Keldon Johnson,SF,10,12.2,1.9,3.8,0.5,0.4,0.7,1.2,0.583,2.3,0.8,0.6,0.1,0.3,4.9
Stanley Johnson,PF,20,4.8,0.4,1.6,0.258,0.1,0.3,0.3,0.833,1.1,0.4,0.2,0.1,0.4,1.2
Tyler Johnson,SG,32,16.7,2.1,5.6,0.374,0.8,0.9,1.2,0.789,1.7,1.7,0.4,0.3,0.8,5.9
Nikola Jokić,C,65,32.3,7.9,14.9,0.528,1.1,3.4,4.1,0.813,10.2,6.9,1.2,0.7,3.1,20.2
Damian Jones,C,55,16.1,2.2,3.2,0.68,0.0,1.1,1.5,0.738,3.7,0.6,0.5,0.7,0.5,5.6
Derrick Jones Jr.,SF,51,24.5,3.3,6.3,0.514,0.7,1.7,2.2,0.779,4.2,1.1,1.1,0.7,0.5,8.9
Tyus Jones,PG,65,19.0,3.0,6.6,0.45899999999999996,0.7,0.7,0.9,0.741,1.6,4.4,0.9,0.1,0.8,7.4
DeAndre Jordan,C,56,22.0,3.4,5.1,0.6659999999999999,0.0,1.5,2.2,0.68,10.0,1.9,0.3,0.9,1.3,8.3
Cory Joseph,PG,65,24.1,2.4,5.8,0.42,0.7,0.7,0.9,0.828,2.5,3.4,0.7,0.3,1.0,6.3
Mfiondu Kabengele,C,12,5.3,1.2,2.7,0.43799999999999994,0.8,0.4,0.4,1.0,0.9,0.2,0.2,0.2,0.2,3.5
Frank Kaminsky,C,33,22.1,3.9,8.6,0.452,1.2,1.8,2.7,0.67,4.8,2.2,0.4,0.3,1.0,10.7
Enes Kanter,C,52,17.3,3.4,6.0,0.565,0.0,1.2,1.7,0.708,7.6,0.9,0.4,0.7,1.0,8.0
Luke Kennard,SG,28,32.9,5.4,12.2,0.442,2.6,2.4,2.6,0.905,3.5,4.1,0.4,0.2,1.5,15.8
Stanton Kidd,SF,4,3.8,0.0,0.8,0.0,0.0,0.0,0.0,,0.8,0.3,0.0,0.0,0.5,0.0
Michael Kidd-Gilchrist,PF-SF,21,11.0,0.9,2.9,0.317,0.2,0.4,0.5,0.818,2.6,0.6,0.1,0.2,0.6,2.5
Louis King,SF,10,6.2,0.8,2.1,0.381,0.4,0.0,0.3,0.0,1.0,0.5,0.2,0.0,0.2,2.0
Maxi Kleber,C,67,25.8,3.2,7.0,0.45899999999999996,1.6,1.1,1.2,0.866,5.4,1.2,0.3,1.2,0.7,9.1
Brandon Knight,PG,25,18.5,2.4,6.7,0.353,1.8,0.8,1.4,0.588,1.6,2.8,0.4,0.1,1.5,7.3
Kevin Knox,SF,65,17.9,2.2,6.2,0.359,1.0,1.0,1.6,0.653,2.8,0.9,0.4,0.4,0.7,6.4
John Konchar,SG,15,11.1,1.5,2.3,0.657,0.3,0.1,0.1,0.5,3.1,1.4,0.5,0.2,0.4,3.4
Furkan Korkmaz,SG,64,21.8,3.5,8.0,0.43200000000000005,2.0,0.8,1.1,0.736,2.3,1.1,0.6,0.2,0.8,9.7
Luke Kornet,C,36,15.5,2.3,5.2,0.439,0.9,0.6,0.8,0.7140000000000001,2.3,0.9,0.3,0.7,0.4,6.0
Kyle Korver,SF,51,16.6,2.2,5.2,0.428,1.7,0.5,0.7,0.8240000000000001,2.1,1.2,0.5,0.2,0.9,6.7
Rodions Kurucs,PF,40,12.9,1.6,3.5,0.449,0.7,0.5,0.8,0.633,2.6,0.9,0.4,0.1,0.9,4.2
Kyle Kuzma,PF,55,24.7,4.7,10.8,0.433,1.3,1.8,2.5,0.741,4.5,1.3,0.4,0.4,1.6,12.5
Skal Labissière,C,33,17.2,2.5,4.5,0.551,0.1,0.8,1.0,0.758,5.1,1.3,0.2,0.9,0.9,5.8
Jeremy Lamb,SG,46,28.1,4.7,10.4,0.451,1.2,2.0,2.4,0.836,4.3,2.1,1.2,0.5,1.1,12.5
Romeo Langford,SG,27,11.0,0.9,2.4,0.375,0.2,0.6,0.9,0.696,1.2,0.2,0.3,0.2,0.3,2.6
Zach LaVine,SG,60,34.8,9.0,20.0,0.45,3.1,4.5,5.6,0.802,4.8,4.2,1.5,0.5,3.4,25.5
Vic Law,SF,5,1.8,0.0,0.6,0.0,0.0,0.0,0.4,0.0,0.2,0.0,0.0,0.0,0.0,0.0
Jake Layman,PF,23,22.0,3.5,7.8,0.45299999999999996,1.0,1.0,1.4,0.75,2.5,0.7,0.7,0.4,1.0,9.1
T.J. Leaf,PF,25,7.7,1.2,2.8,0.435,0.2,0.3,0.5,0.583,2.6,0.2,0.3,0.1,0.3,2.9
Jalen Lecque,PG,4,6.5,1.0,2.5,0.4,0.0,0.5,0.5,1.0,0.0,0.5,0.0,0.0,0.3,2.5
Courtney Lee,SG,24,14.4,1.7,3.4,0.488,0.9,0.3,0.3,0.857,1.3,0.5,0.8,0.3,0.5,4.5
Damion Lee,SG,49,29.0,4.3,10.4,0.41700000000000004,1.7,2.2,2.6,0.873,4.9,2.7,1.0,0.1,1.4,12.7
Alex Len,C,49,18.3,3.4,6.2,0.556,0.3,1.2,1.9,0.637,6.0,1.0,0.4,0.9,1.0,8.3
Kawhi Leonard,SF,52,32.2,9.3,19.8,0.46799999999999997,2.1,6.2,7.0,0.887,7.2,5.0,1.8,0.6,2.8,26.9
Meyers Leonard,C,49,20.1,2.4,4.6,0.52,1.0,0.3,0.5,0.654,5.1,1.1,0.3,0.3,0.7,6.1
Caris LeVert,SG,40,29.0,6.5,15.7,0.414,1.8,3.0,4.1,0.721,4.0,4.2,1.1,0.2,2.6,17.7
Damian Lillard,PG,59,37.0,9.2,20.1,0.457,3.9,6.7,7.6,0.8859999999999999,4.3,7.8,1.0,0.4,2.9,28.9
Nassir Little,PF,48,11.9,1.4,3.1,0.43,0.3,0.6,0.9,0.636,2.3,0.5,0.3,0.3,0.3,3.6
Kevon Looney,C,20,13.1,1.5,4.0,0.36700000000000005,0.1,0.5,0.6,0.75,3.3,1.0,0.6,0.3,0.6,3.4
Brook Lopez,C,62,26.6,4.0,9.4,0.42700000000000005,1.4,1.6,2.0,0.816,4.5,1.5,0.7,2.5,1.0,11.0
Robin Lopez,C,61,14.4,2.3,4.5,0.505,0.6,0.4,0.7,0.556,2.4,0.7,0.2,0.7,0.9,5.6
Kevin Love,PF,56,31.8,5.8,13.0,0.45,2.6,3.3,3.9,0.8540000000000001,9.8,3.2,0.6,0.3,2.5,17.6
Kyle Lowry,PG,52,36.6,5.9,14.3,0.41700000000000004,2.9,4.9,5.7,0.861,4.8,7.7,1.3,0.4,3.0,19.7
Timothé Luwawu-Cabarrot,SG,40,17.3,2.2,5.1,0.42200000000000004,1.1,1.4,1.7,0.833,2.4,0.6,0.4,0.2,0.8,6.8
Trey Lyles,PF,63,20.2,2.4,5.4,0.446,1.0,0.5,0.7,0.733,5.7,1.1,0.4,0.4,0.6,6.4
Daryl Macon,SG,4,3.5,0.3,0.8,0.33299999999999996,0.3,0.0,0.0,,0.0,0.3,0.0,0.0,0.5,0.8
J.P. Macura,SG,1,1.0,0.0,0.0,,0.0,0.0,0.0,,0.0,0.0,0.0,0.0,0.0,0.0
Josh Magette,PG,8,4.8,0.6,1.9,0.33299999999999996,0.1,0.1,0.3,0.5,0.8,0.6,0.4,0.1,0.6,1.5
Ian Mahinmi,C,38,21.3,2.7,5.5,0.495,0.1,1.8,3.0,0.619,5.7,1.3,0.8,1.2,1.2,7.4
Thon Maker,C,60,12.9,1.6,3.2,0.48200000000000004,0.4,1.2,1.8,0.664,2.8,0.7,0.4,0.7,0.8,4.7
Terance Mann,SG,35,7.7,0.6,1.5,0.40700000000000003,0.1,0.3,0.3,0.75,0.9,1.1,0.2,0.1,0.4,1.6
Boban Marjanović,C,38,9.0,2.6,4.6,0.563,0.1,0.9,1.3,0.75,4.2,0.3,0.2,0.2,0.7,6.3
Lauri Markkanen,PF,50,29.8,5.0,11.8,0.425,2.2,2.5,3.1,0.8240000000000001,6.3,1.5,0.8,0.5,1.6,14.7
Caleb Martin,SF,18,17.6,2.1,4.7,0.44,1.1,0.9,1.2,0.81,2.1,1.3,0.7,0.4,0.8,6.2
Cody Martin,SF,48,18.8,1.9,4.3,0.43,0.4,0.9,1.4,0.6459999999999999,3.3,2.0,0.8,0.2,0.9,5.0
Jeremiah Martin,PG,4,6.3,1.0,3.3,0.308,0.3,0.0,0.0,,1.0,1.0,0.5,0.3,0.3,2.3
Kelan Martin,SF,31,16.0,2.3,5.8,0.392,0.8,1.0,1.0,0.968,3.1,0.7,0.2,0.3,0.6,6.4
Frank Mason III,PG,6,8.8,0.8,3.2,0.263,0.3,0.3,0.7,0.5,1.3,1.8,0.3,0.0,1.0,2.3
Garrison Mathews,SG,18,12.6,1.3,3.1,0.429,1.1,1.7,1.9,0.912,1.3,0.6,0.4,0.1,0.4,5.4
Wesley Matthews,SG,63,24.7,2.6,6.5,0.396,1.6,0.8,1.0,0.773,2.5,1.4,0.6,0.1,0.7,7.6
Patrick McCaw,SF,37,24.5,1.8,4.4,0.414,0.6,0.4,0.5,0.722,2.3,2.1,1.1,0.1,0.8,4.6
CJ McCollum,SG,63,36.1,8.9,19.6,0.457,2.8,2.0,2.6,0.753,4.1,4.3,0.8,0.6,1.9,22.7
T.J. McConnell,PG,63,18.9,3.0,5.7,0.517,0.1,0.5,0.6,0.833,2.6,5.0,0.7,0.2,1.4,6.5
Jalen McDaniels,PF,16,18.3,2.1,4.4,0.47100000000000003,0.6,0.9,1.1,0.8240000000000001,4.1,0.8,0.5,0.2,0.7,5.6
Doug McDermott,PF,62,20.0,3.9,7.9,0.491,1.9,0.7,0.8,0.8270000000000001,2.5,1.1,0.1,0.1,0.6,10.4
JaVale McGee,C,62,16.7,3.0,4.6,0.6409999999999999,0.0,0.8,1.2,0.653,5.8,0.5,0.5,1.5,0.8,6.8
Rodney McGruder,SG,50,15.0,1.2,3.1,0.391,0.4,0.3,0.6,0.536,2.6,0.6,0.5,0.2,0.4,3.2
Alfonzo McKinnie,SF,40,14.8,1.8,4.3,0.42700000000000005,0.4,0.6,0.8,0.71,2.8,0.4,0.6,0.2,0.7,4.6
Jordan McLaughlin,PG,30,19.7,2.9,5.9,0.489,1.0,0.9,1.3,0.667,1.6,4.2,1.1,0.1,1.0,7.6
Ben McLemore,SG,64,22.7,3.3,7.4,0.449,2.5,0.8,1.0,0.75,2.2,0.8,0.6,0.2,0.7,9.9
Jordan McRae,SG,37,21.2,4.0,9.9,0.40700000000000003,1.2,2.2,2.9,0.7609999999999999,3.4,2.5,0.6,0.4,1.2,11.5
Nicolò Melli,C,53,17.0,2.3,5.3,0.441,1.2,0.8,1.1,0.733,3.0,1.3,0.6,0.4,0.8,6.7
De'Anthony Melton,PG,53,19.6,2.8,6.8,0.419,0.7,1.7,2.1,0.7959999999999999,3.7,3.0,1.3,0.4,1.5,8.1
Chimezie Metu,PF,16,4.6,1.3,2.2,0.5710000000000001,0.0,0.4,0.5,0.75,1.6,0.4,0.1,0.3,0.3,2.9
Khris Middleton,SF,56,30.1,7.7,15.5,0.494,2.4,3.3,3.6,0.91,6.2,4.2,0.9,0.1,2.0,21.0
Eric Mika,PF,1,19.0,2.0,3.0,0.667,0.0,2.0,2.0,1.0,7.0,0.0,0.0,0.0,0.0,6.0
C.J. Miles,SG,10,16.1,1.9,5.9,0.322,1.1,1.5,2.0,0.75,1.2,1.2,1.0,0.4,0.4,6.4
Malcolm Miller,SF,25,5.0,0.3,1.0,0.33299999999999996,0.2,0.0,0.2,0.16699999999999998,0.6,0.3,0.2,0.1,0.1,0.9
Patty Mills,PG,63,22.7,3.9,9.1,0.429,2.3,1.5,1.7,0.861,1.6,1.8,0.8,0.1,0.8,11.7
Paul Millsap,PF,44,24.4,4.3,8.8,0.486,1.1,2.4,2.9,0.833,5.9,1.6,0.9,0.6,1.4,12.0
Shake Milton,SG,32,19.1,3.4,6.8,0.498,1.5,1.2,1.6,0.765,2.1,2.2,0.6,0.2,1.2,9.5
Donovan Mitchell,SG,64,34.4,8.8,19.5,0.45299999999999996,2.5,4.0,4.6,0.8590000000000001,4.4,4.2,1.1,0.2,2.6,24.1
Naz Mitrou-Long,SG,3,14.3,2.0,5.3,0.375,0.7,0.0,0.0,,2.0,2.3,0.3,0.3,0.7,4.7
Adam Mokoka,SG,11,10.2,1.1,2.5,0.429,0.5,0.2,0.4,0.5,0.9,0.4,0.4,0.0,0.2,2.9
Malik Monk,SG,55,21.3,3.9,8.9,0.434,1.1,1.5,1.8,0.82,2.9,2.1,0.5,0.3,1.4,10.3
Matt Mooney,SG,4,4.8,0.3,1.0,0.25,0.0,0.0,0.0,,0.8,0.3,0.5,0.3,0.0,0.5
E'Twaun Moore,SG,52,18.7,3.4,8.0,0.424,1.2,0.6,0.8,0.674,2.4,1.4,0.6,0.2,0.7,8.6
Ja Morant,PG,60,30.2,6.7,13.7,0.48700000000000004,0.9,3.5,4.5,0.7759999999999999,3.6,7.0,0.9,0.3,3.2,17.7
Juwan Morgan,PF,16,4.6,0.6,1.1,0.529,0.1,0.0,0.0,,1.2,0.1,0.0,0.1,0.2,1.2
Marcus Morris,SF-PF,56,31.2,5.8,13.5,0.431,2.4,3.1,3.7,0.823,5.1,1.4,0.8,0.5,1.6,17.1
Markieff Morris,PF,53,20.9,3.6,8.0,0.445,1.5,1.2,1.6,0.7829999999999999,3.8,1.4,0.5,0.3,1.4,9.9
Monte Morris,PG,65,21.6,3.4,7.4,0.45899999999999996,0.8,0.8,1.0,0.823,1.7,3.5,0.8,0.2,0.7,8.4
Johnathan Motley,PF,13,3.2,0.8,1.2,0.733,0.1,0.4,0.5,0.7140000000000001,0.8,0.6,0.2,0.0,0.4,2.2
Emmanuel Mudiay,PG,49,15.6,2.8,5.9,0.467,0.6,1.1,1.4,0.754,2.4,2.2,0.4,0.2,1.3,7.2
Mychal Mulder,SG,7,29.1,3.7,9.6,0.38799999999999996,2.3,1.3,1.7,0.75,3.3,1.1,0.3,0.1,0.7,11.0
Dejounte Murray,PG,59,24.9,4.4,9.3,0.474,0.6,1.3,1.6,0.7979999999999999,5.7,4.1,1.7,0.3,1.9,10.7
Jamal Murray,PG,55,32.8,7.0,15.4,0.455,1.9,2.9,3.2,0.893,3.9,4.8,1.2,0.3,2.3,18.8
Džanan Musa,SF,36,11.5,1.4,3.9,0.369,0.4,0.9,1.2,0.75,2.0,0.9,0.4,0.0,0.9,4.3
Mike Muscala,C,41,12.0,1.6,3.9,0.40299999999999997,1.0,0.4,0.5,0.818,2.3,0.8,0.2,0.3,0.3,4.6
Sviatoslav Mykhailiuk,SF,56,22.6,3.0,7.2,0.41,2.1,1.0,1.3,0.8140000000000001,1.9,1.9,0.7,0.1,1.1,9.0
Abdel Nader,SF,48,15.8,2.1,4.6,0.455,0.8,1.0,1.3,0.774,1.9,0.7,0.4,0.4,0.8,6.0
Larry Nance Jr.,C,56,26.3,4.1,7.7,0.531,1.0,0.9,1.3,0.6759999999999999,7.3,2.2,1.0,0.4,1.1,10.1
Shabazz Napier,PG,52,24.3,3.3,8.2,0.408,1.4,2.3,2.8,0.826,2.9,4.9,1.3,0.2,2.2,10.4
Raul Neto,PG,49,11.5,1.6,3.6,0.451,0.6,0.5,0.6,0.8390000000000001,1.1,1.6,0.4,0.1,0.9,4.3
Malik Newman,SG,1,4.0,0.0,2.0,0.0,0.0,2.0,2.0,1.0,0.0,0.0,0.0,0.0,1.0,2.0
Georges Niang,PF,59,13.3,2.0,4.6,0.44299999999999995,1.3,0.3,0.4,0.8640000000000001,1.9,0.6,0.2,0.1,0.4,5.7
Joakim Noah,C,1,10.0,0.0,0.0,,0.0,1.0,2.0,0.5,4.0,1.0,0.0,1.0,0.0,1.0
Nerlens Noel,C,55,18.4,3.2,4.6,0.685,0.0,1.4,1.8,0.765,4.9,1.0,1.0,1.5,1.0,7.7
Zach Norvell,SG,5,8.2,0.6,2.4,0.25,0.6,0.2,0.2,1.0,1.2,0.6,0.4,0.0,0.6,2.0
Jaylen Nowell,SG,15,10.1,1.3,3.5,0.358,0.2,1.1,1.1,0.941,0.9,1.3,0.2,0.1,0.2,3.8
Frank Ntilikina,PG,57,20.8,2.3,5.8,0.39299999999999996,0.8,0.9,1.0,0.8640000000000001,2.1,3.0,0.9,0.3,1.2,6.3
Kendrick Nunn,SG,62,29.8,6.1,13.7,0.44799999999999995,2.1,1.2,1.5,0.8370000000000001,2.7,3.4,0.8,0.2,1.6,15.6
Jusuf Nurkić,C,1,33.0,5.0,11.0,0.455,0.0,8.0,8.0,1.0,9.0,5.0,2.0,6.0,4.0,18.0
David Nwaba,SF,20,13.4,1.9,3.6,0.521,0.6,0.9,1.4,0.667,2.3,0.4,0.6,0.6,0.4,5.2
Royce O'Neale,PF,65,29.2,2.2,5.1,0.44,1.3,0.6,0.8,0.735,5.4,2.6,0.8,0.4,0.8,6.3
Kyle O'Quinn,C,26,9.9,1.3,2.8,0.486,0.3,0.4,0.7,0.526,3.8,1.3,0.2,0.8,0.7,3.3
Semi Ojeleye,PF,62,14.6,1.0,2.6,0.409,0.6,0.4,0.5,0.893,2.0,0.5,0.3,0.1,0.2,3.1
Jahlil Okafor,C,28,15.1,3.1,5.1,0.611,0.0,1.3,2.1,0.638,4.3,1.3,0.3,0.7,1.3,7.6
Elie Okobo,PG,54,13.1,1.3,3.4,0.39799999999999996,0.5,0.9,1.2,0.687,1.6,2.1,0.4,0.1,0.7,4.0
Josh Okogie,SG,62,25.0,2.7,6.4,0.42700000000000005,0.7,2.5,3.1,0.7959999999999999,4.3,1.6,1.1,0.4,1.4,8.6
KZ Okpala,SF,5,5.2,0.6,1.0,0.6,0.0,0.2,0.4,0.5,1.0,0.2,0.4,0.2,0.2,1.4
Victor Oladipo,SG,13,25.9,4.8,12.4,0.391,1.6,2.5,3.2,0.78,3.2,3.0,0.8,0.2,2.2,13.8
Kelly Olynyk,C,59,18.5,2.6,5.4,0.47600000000000003,1.4,1.2,1.4,0.8540000000000001,4.4,1.6,0.6,0.3,1.1,7.7
Miye Oni,SG,5,2.2,0.0,0.4,0.0,0.0,0.0,0.0,,0.4,0.0,0.0,0.0,0.2,0.0
Cedi Osman,SF,65,29.4,4.1,9.4,0.43700000000000006,1.9,1.0,1.4,0.67,3.6,2.4,0.8,0.2,1.4,11.0
Kelly Oubre Jr.,SF,56,34.5,6.7,14.8,0.452,1.9,3.4,4.4,0.78,6.4,1.5,1.3,0.7,1.5,18.7
Tariq Owens,PF,3,5.0,0.3,1.7,0.2,0.0,0.7,0.7,1.0,1.0,0.0,0.3,0.0,0.0,1.3
Jeremy Pargo,PG,3,14.7,3.7,7.3,0.5,1.0,0.0,0.3,0.0,1.0,2.7,0.3,0.0,1.3,8.3
Jabari Parker,PF,33,25.8,6.0,12.1,0.499,0.9,1.7,2.2,0.743,5.9,1.8,1.3,0.5,1.8,14.7
Chandler Parsons,SF,5,10.8,1.0,3.6,0.278,0.8,0.0,0.0,,1.4,0.6,0.8,0.2,0.6,2.8
Eric Paschall,PF,60,27.6,5.3,10.7,0.49700000000000005,0.6,2.7,3.5,0.774,4.6,2.1,0.5,0.2,1.6,14.0
Anžejs Pasečņiks,C,24,16.9,2.3,4.4,0.528,0.0,1.3,2.3,0.593,4.1,0.7,0.3,0.5,0.9,6.0
Patrick Patterson,PF,52,12.1,1.5,3.7,0.41100000000000003,1.1,0.5,0.7,0.794,2.4,0.6,0.1,0.1,0.3,4.6
Justin Patton,C,5,4.8,0.8,2.0,0.4,0.2,0.0,0.0,,1.0,0.4,0.0,0.0,0.4,1.8
Chris Paul,PG,63,31.8,6.3,12.8,0.489,1.6,3.6,4.0,0.9,4.9,6.8,1.6,0.1,2.2,17.7
Cameron Payne,G,1,19.0,4.0,7.0,0.5710000000000001,1.0,0.0,0.0,,3.0,2.0,2.0,1.0,1.0,9.0
Elfrid Payton,PG,45,27.7,4.3,9.8,0.439,0.3,1.1,1.9,0.57,4.7,7.2,1.6,0.4,2.1,10.0
Gary Payton II,PG,29,14.9,1.7,4.0,0.414,0.4,0.1,0.3,0.5,2.8,1.7,1.1,0.2,0.7,3.9
Norvel Pelle,C,20,8.9,0.9,1.8,0.514,0.0,0.3,0.6,0.5,3.0,0.4,0.1,1.3,0.7,2.1
Theo Pinson,SG,33,11.1,1.4,4.7,0.29,0.5,0.5,0.5,0.938,1.6,1.7,0.5,0.1,1.0,3.6
Mason Plumlee,C,53,17.0,2.9,4.7,0.617,0.0,1.4,2.6,0.536,5.3,2.4,0.5,0.6,1.4,7.2
Jakob Poeltl,C,59,16.9,2.3,3.8,0.613,0.0,0.6,1.3,0.48700000000000004,5.4,1.8,0.5,1.5,0.8,5.3
Vincent Poirier,C,21,5.4,0.8,1.6,0.485,0.0,0.3,0.3,0.857,1.6,0.3,0.1,0.3,0.3,1.9
Shamorie Ponds,PG,4,2.8,0.8,1.3,0.6,0.3,0.5,0.5,1.0,0.3,0.5,0.0,0.3,0.0,2.3
Jordan Poole,SG,57,22.4,2.9,8.8,0.33299999999999996,1.3,1.7,2.1,0.7979999999999999,2.1,2.4,0.6,0.2,1.3,8.8
Kevin Porter Jr.,SF,50,23.2,3.7,8.4,0.442,1.1,1.5,2.0,0.723,3.2,2.2,0.9,0.3,1.9,10.0
Michael Porter Jr.,PF,48,14.0,2.9,5.9,0.495,0.9,0.7,0.9,0.767,4.1,0.7,0.4,0.4,0.7,7.5
Otto Porter,SF,14,23.6,4.4,10.0,0.44299999999999995,1.7,1.4,1.9,0.7040000000000001,3.4,1.8,1.1,0.4,0.8,11.9
Bobby Portis,C,66,21.1,4.0,8.9,0.45,1.0,1.1,1.4,0.763,5.1,1.5,0.5,0.3,1.1,10.1
Kristaps Porziņģis,PF,52,31.5,6.8,16.0,0.42200000000000004,2.5,3.6,4.6,0.782,9.6,1.8,0.7,2.1,1.7,19.6
Dwight Powell,C,40,26.5,3.7,5.7,0.638,0.3,1.9,2.8,0.667,5.7,1.5,0.9,0.6,0.9,9.4
Norman Powell,SG,44,28.8,5.9,11.7,0.502,2.1,2.5,3.0,0.838,3.7,1.8,1.3,0.4,1.5,16.4
Chasson Randle,PG,3,13.3,0.0,1.3,0.0,0.0,1.7,2.0,0.833,0.7,1.7,0.7,0.0,0.0,1.7
Julius Randle,PF,64,32.5,7.2,15.7,0.46,1.0,4.0,5.5,0.733,9.7,3.1,0.8,0.3,3.0,19.5
Josh Reaves,SG,2,0.5,0.0,0.5,0.0,0.0,0.0,0.0,,0.0,0.0,0.0,0.0,0.0,0.0
Cam Reddish,SF,58,26.7,3.7,9.6,0.384,1.4,1.7,2.2,0.802,3.7,1.5,1.1,0.5,1.7,10.5
J.J. Redick,SG,55,26.4,4.7,10.4,0.45,2.9,2.7,3.0,0.904,2.6,2.0,0.3,0.2,1.2,15.0
Naz Reid,C,30,16.5,3.3,8.1,0.41200000000000003,1.1,1.2,1.8,0.698,4.1,1.2,0.6,0.7,0.7,9.0
Josh Richardson,SG,48,30.7,5.1,12.0,0.429,1.5,2.1,2.7,0.789,3.4,3.1,0.9,0.7,1.9,13.8
Austin Rivers,SG,61,23.3,3.0,7.2,0.423,1.4,1.0,1.5,0.67,2.4,1.6,0.7,0.2,0.6,8.5
Duncan Robinson,SF,65,30.0,4.4,9.4,0.467,3.7,0.7,0.8,0.9059999999999999,3.3,1.4,0.5,0.2,0.9,13.3
Glenn Robinson III,SF,60,29.1,4.7,9.6,0.486,1.2,1.2,1.4,0.867,4.3,1.6,0.9,0.3,0.9,11.8
Jerome Robinson,SG,56,13.9,1.5,4.0,0.364,0.6,0.4,0.6,0.688,1.9,1.2,0.4,0.3,0.6,3.9
Justin Robinson,PG,9,5.4,0.6,1.3,0.41700000000000004,0.3,0.0,0.0,,0.6,0.8,0.0,0.1,0.3,1.4
Mitchell Robinson,C,61,23.1,4.1,5.6,0.742,0.0,1.4,2.4,0.568,7.0,0.6,0.9,2.0,0.6,9.7
Isaiah Roby,SF,3,3.7,0.0,0.3,0.0,0.0,0.0,0.0,,0.7,0.0,0.0,0.0,0.3,0.0
Rajon Rondo,PG,48,20.5,2.9,6.8,0.418,0.9,0.6,0.9,0.659,3.0,5.0,0.8,0.0,1.9,7.1
Derrick Rose,PG,50,26.0,7.4,15.1,0.49,0.9,2.4,2.8,0.871,2.4,5.6,0.8,0.3,2.5,18.1
Terrence Ross,SG,64,27.3,5.0,12.3,0.406,2.5,2.1,2.5,0.846,3.2,1.2,1.1,0.3,1.0,14.7
Terry Rozier,PG,63,34.3,6.3,14.9,0.423,2.7,2.6,3.0,0.8740000000000001,4.4,4.1,1.0,0.2,2.2,18.0
Ricky Rubio,PG,58,31.6,4.4,10.7,0.413,1.2,3.1,3.7,0.858,4.6,8.9,1.6,0.2,2.7,13.1
D'Angelo Russell,PG,45,32.3,8.0,18.8,0.426,3.5,3.6,4.4,0.809,3.9,6.3,1.1,0.3,3.3,23.1
Domantas Sabonis,C,62,34.8,7.4,13.7,0.54,0.3,3.5,4.8,0.723,12.4,5.0,0.8,0.5,2.7,18.5
Luka Šamanić,PF,1,12.0,0.0,4.0,0.0,0.0,0.0,0.0,,2.0,3.0,0.0,0.0,0.0,0.0
JaKarr Sampson,SF,26,13.1,1.8,3.1,0.593,0.1,0.4,0.8,0.55,2.3,0.3,0.3,0.3,0.3,4.2
Dario Šarić,PF,59,24.9,3.7,8.1,0.46399999999999997,1.3,1.4,1.7,0.8420000000000001,5.9,1.9,0.6,0.3,1.3,10.2
Tomáš Satoranský,PG,65,28.9,3.6,8.5,0.43,1.0,1.6,1.9,0.8759999999999999,3.9,5.4,1.2,0.1,2.0,9.9
Admiral Schofield,SF,28,10.6,1.1,2.8,0.39,0.5,0.3,0.5,0.6920000000000001,1.3,0.5,0.3,0.1,0.3,3.0
Dennis Schröder,PG,63,31.0,7.0,15.0,0.46799999999999997,1.9,3.1,3.7,0.8390000000000001,3.7,4.1,0.7,0.2,2.5,19.0
Mike Scott,PF,63,17.8,2.1,5.1,0.408,1.2,0.4,0.5,0.833,3.6,0.8,0.3,0.1,0.4,5.7
Thabo Sefolosha,PF,41,10.6,0.9,2.2,0.40700000000000003,0.4,0.1,0.2,0.375,2.3,0.6,0.6,0.3,0.4,2.2
Collin Sexton,SG,65,33.0,7.9,16.7,0.47200000000000003,1.5,3.5,4.1,0.846,3.1,3.0,1.0,0.1,2.4,20.8
Landry Shamet,SG,48,27.4,3.1,7.5,0.409,2.2,1.2,1.3,0.905,1.9,1.8,0.4,0.2,0.8,9.5
Marial Shayok,SG,2,5.0,0.5,2.5,0.2,0.5,0.0,0.0,,1.5,0.5,0.0,0.0,0.5,1.5
Iman Shumpert,SG,13,18.5,1.6,4.9,0.32799999999999996,0.6,0.3,0.5,0.5710000000000001,2.6,0.9,0.9,0.2,0.8,4.2
Pascal Siakam,PF,53,35.5,8.7,18.9,0.45899999999999996,2.2,4.2,5.2,0.8,7.5,3.6,1.0,0.9,2.5,23.6
Chris Silva,PF,41,7.5,1.0,1.7,0.623,0.0,0.8,1.2,0.6940000000000001,2.7,0.5,0.2,0.4,0.8,2.9
Ben Simmons,PG,54,35.7,6.7,11.4,0.585,0.0,3.3,5.3,0.627,7.8,8.2,2.1,0.6,3.6,16.7
Anfernee Simons,SG,65,21.5,3.2,8.1,0.402,1.1,1.2,1.4,0.826,2.3,1.5,0.4,0.2,0.9,8.8
Alen Smailagić,PF,14,9.9,1.4,2.9,0.5,0.2,1.1,1.4,0.8420000000000001,1.9,0.9,0.2,0.3,0.8,4.2
Marcus Smart,SG,54,32.5,4.6,11.9,0.384,2.4,2.1,2.5,0.83,3.9,4.8,1.6,0.5,1.7,13.6
Dennis Smith Jr.,PG,34,15.8,2.1,6.2,0.341,0.5,0.8,1.6,0.509,2.3,2.9,0.8,0.2,1.7,5.5
Ish Smith,PG,61,26.2,4.4,9.8,0.451,0.9,0.8,1.1,0.6859999999999999,3.2,4.8,0.9,0.4,1.3,10.6
J.R. Smith,SG,1,8.0,0.0,1.0,0.0,0.0,0.0,0.0,,0.0,0.0,0.0,0.0,0.0,0.0
Zhaire Smith,SG,7,4.6,0.4,1.6,0.273,0.0,0.3,0.6,0.5,0.3,0.3,0.4,0.0,0.3,1.1
Tony Snell,SF,59,27.8,2.9,6.5,0.445,1.7,0.5,0.5,1.0,1.9,2.2,0.5,0.3,0.5,8.0
Omari Spellman,PF,49,18.1,2.6,6.0,0.431,0.9,1.5,1.9,0.7929999999999999,4.5,1.0,0.7,0.5,1.1,7.6
Max Strus,SG,2,3.0,1.0,1.5,0.667,0.0,0.5,0.5,1.0,0.5,0.0,0.0,0.0,0.0,2.5
Edmond Sumner,PG,25,13.8,1.9,4.4,0.423,0.4,0.4,0.6,0.667,1.5,1.6,0.6,0.3,0.8,4.6
Caleb Swanigan,PF,27,10.7,1.0,1.7,0.596,0.0,0.3,0.6,0.529,3.7,1.1,0.1,0.3,1.4,2.4
Jayson Tatum,PF,60,34.6,8.4,18.9,0.44299999999999995,2.8,3.8,4.7,0.804,7.1,3.0,1.4,0.9,2.2,23.3
Jeff Teague,PG,59,24.8,3.6,8.3,0.436,0.7,2.9,3.3,0.873,2.4,5.2,0.7,0.3,2.0,10.9
Garrett Temple,SG,56,28.1,3.6,9.4,0.376,2.0,1.0,1.3,0.767,3.4,2.5,0.8,0.5,1.1,10.1
Daniel Theis,C,59,24.0,3.7,6.7,0.5589999999999999,0.5,1.4,1.8,0.759,6.6,1.7,0.6,1.3,0.8,9.4
Isaiah Thomas,PG,40,23.1,4.4,10.7,0.408,2.0,1.6,1.9,0.816,1.7,3.7,0.3,0.2,1.9,12.2
Khyri Thomas,SG,8,7.6,0.6,2.1,0.294,0.6,0.3,0.5,0.5,0.1,0.4,0.4,0.0,0.4,2.1
Lance Thomas,F,1,18.0,2.0,4.0,0.5,1.0,1.0,1.0,1.0,2.0,1.0,0.0,0.0,1.0,6.0
Matt Thomas,SG,33,9.7,1.6,3.4,0.486,1.1,0.2,0.3,0.7,1.5,0.5,0.2,0.0,0.4,4.5
Tristan Thompson,C,57,30.2,5.1,9.9,0.512,0.2,1.7,2.8,0.615,10.1,2.1,0.6,0.9,1.8,12.0
Matisse Thybulle,SG,57,19.5,1.7,4.1,0.41,0.9,0.4,0.7,0.61,1.5,1.2,1.4,0.7,0.8,4.7
Anthony Tolliver,PF,48,15.6,1.1,3.3,0.348,0.8,0.4,0.6,0.7040000000000001,2.8,0.7,0.3,0.2,0.6,3.5
Juan Toscano-Anderson,SF,13,20.9,2.2,4.8,0.46,0.6,0.2,0.4,0.6,4.0,2.0,1.0,0.4,1.2,5.3
Karl-Anthony Towns,C,35,33.9,9.0,17.8,0.508,3.3,5.1,6.5,0.7959999999999999,10.8,4.4,0.9,1.2,3.1,26.5
Gary Trent Jr.,SG,54,20.1,2.9,6.6,0.43,1.5,0.6,0.8,0.805,1.6,1.0,0.7,0.3,0.4,7.8
Allonzo Trier,PG,24,12.1,2.1,4.4,0.48100000000000004,0.8,1.4,1.8,0.7909999999999999,1.2,1.2,0.1,0.2,0.9,6.5
P.J. Tucker,PF,65,34.5,2.5,5.8,0.435,1.5,0.6,0.7,0.826,6.8,1.6,1.1,0.5,1.0,7.1
Rayjon Tucker,SG,14,5.6,0.6,1.4,0.42100000000000004,0.0,0.2,0.4,0.6,0.9,0.1,0.1,0.0,0.2,1.4
Evan Turner,PG,19,13.2,1.3,3.5,0.373,0.0,0.6,0.7,0.857,2.0,2.0,0.5,0.4,1.4,3.3
Myles Turner,C,55,29.6,4.2,9.4,0.451,1.4,2.0,2.6,0.75,6.5,1.1,0.8,2.2,1.2,11.8
Jarrod Uthoff,SF,4,3.5,0.3,1.8,0.14300000000000002,0.0,0.5,0.5,1.0,0.3,0.0,0.3,0.0,0.0,1.0
Jonas Valančiūnas,C,63,26.1,6.2,10.5,0.589,0.5,2.1,2.8,0.7390000000000001,11.1,1.7,0.4,1.1,1.7,14.9
Denzel Valentine,SF,36,13.6,2.7,6.6,0.409,1.3,0.2,0.2,0.75,2.1,1.2,0.7,0.2,0.7,6.8
Jarred Vanderbilt,SF-PF,11,4.2,0.5,0.7,0.625,0.0,0.2,0.2,1.0,0.8,0.2,0.3,0.1,0.6,1.1
Fred VanVleet,PG,48,35.8,6.0,14.6,0.409,2.7,2.9,3.5,0.843,3.8,6.6,1.9,0.3,2.3,17.6
Gabe Vincent,PG,6,7.0,0.7,3.2,0.21100000000000002,0.7,0.0,0.0,,0.5,0.5,0.2,0.0,0.0,2.0
Noah Vonleh,C-PF,33,11.0,1.5,2.7,0.562,0.1,0.7,0.9,0.8,3.7,0.8,0.3,0.2,0.6,3.8
Nikola Vučević,C,55,32.5,7.9,16.8,0.473,1.5,2.2,2.7,0.7879999999999999,11.0,3.8,0.8,0.9,1.4,19.5
Dean Wade,PF,12,5.9,0.8,1.1,0.6920000000000001,0.2,0.0,0.1,0.0,1.6,0.2,0.2,0.3,0.3,1.7
Moritz Wagner,C,38,19.0,3.5,6.1,0.5710000000000001,0.6,1.8,2.2,0.8170000000000001,5.1,1.3,0.6,0.4,1.5,9.3
Dion Waiters,SG,4,15.8,3.8,9.0,0.41700000000000004,2.3,0.0,0.3,0.0,3.5,1.3,0.0,0.8,0.8,9.8
Kemba Walker,PG,51,31.6,7.0,16.5,0.42200000000000004,3.3,3.9,4.5,0.865,4.0,4.9,0.9,0.5,2.1,21.1
Lonnie Walker,SG,54,14.8,2.3,5.2,0.441,0.6,0.7,1.0,0.722,2.2,0.9,0.5,0.2,0.6,5.8
Tyrone Wallace,SG,14,11.4,1.0,3.1,0.318,0.1,0.8,1.2,0.647,1.6,0.9,0.5,0.1,0.7,2.9
Taurean Prince,SF,64,29.0,4.3,11.5,0.376,2.3,1.1,1.4,0.7979999999999999,6.0,1.8,0.9,0.4,2.0,12.1
Derrick Walton,PG,26,9.5,0.7,1.5,0.462,0.4,0.3,0.3,0.778,0.6,1.0,0.3,0.0,0.2,2.0
Brad Wanamaker,PG,64,19.4,2.2,5.1,0.431,0.5,1.8,1.9,0.9329999999999999,2.0,2.5,0.8,0.2,1.1,6.7
T.J. Warren,SF,61,32.5,7.5,14.2,0.529,1.1,2.5,3.0,0.812,4.0,1.4,1.1,0.4,1.3,18.7
P.J. Washington,PF,58,30.3,4.6,10.2,0.455,1.5,1.5,2.3,0.647,5.4,2.1,0.9,0.8,1.6,12.2
Yuta Watanabe,SG,16,6.2,0.8,1.8,0.414,0.2,0.2,0.5,0.375,1.1,0.3,0.3,0.1,0.1,1.9
Tremont Waters,PG,10,8.9,1.2,3.5,0.34299999999999997,0.3,0.6,0.6,1.0,0.9,1.2,0.5,0.2,1.0,3.3
Paul Watson,SF-SG,5,5.0,0.0,1.6,0.0,0.0,0.2,0.4,0.5,0.8,1.0,0.2,0.2,0.0,0.2
Quinndary Weatherspoon,SG,4,6.3,0.5,2.0,0.25,0.0,0.0,0.0,,0.5,0.8,0.3,0.0,0.3,1.0
Russell Westbrook,PG,54,36.1,10.8,22.8,0.473,1.0,5.1,6.6,0.7709999999999999,8.1,7.0,1.7,0.3,4.5,27.5
Coby White,SG,65,25.8,4.8,12.2,0.39399999999999996,2.0,1.6,2.0,0.7909999999999999,3.5,2.7,0.8,0.1,1.7,13.2
Derrick White,SG,62,24.2,3.6,7.7,0.461,1.0,2.5,2.9,0.862,3.2,3.4,0.6,0.9,1.3,10.6
Hassan Whiteside,C,62,31.1,6.8,11.0,0.618,0.1,2.5,3.6,0.6809999999999999,14.1,1.2,0.4,3.0,1.9,16.1
Andrew Wiggins,SF-SG,54,34.4,8.1,18.1,0.447,2.1,3.5,5.0,0.7090000000000001,5.1,3.7,0.8,1.0,2.4,21.8
Grant Williams,PF,63,15.5,1.3,3.0,0.41700000000000004,0.3,0.6,0.8,0.725,2.6,1.0,0.5,0.5,0.7,3.5
Johnathan Williams,C,12,12.3,1.3,2.1,0.64,0.0,0.3,0.6,0.5710000000000001,3.8,0.5,0.1,0.6,0.3,3.0
Kenrich Williams,PF,35,22.3,1.4,4.1,0.34299999999999997,0.7,0.3,0.7,0.375,5.1,1.5,0.7,0.6,0.6,3.8
Lou Williams,SG,60,29.3,6.1,14.7,0.41600000000000004,1.8,4.6,5.4,0.863,3.1,5.7,0.7,0.2,2.9,18.7
Marvin Williams,PF,52,19.4,2.1,4.8,0.442,1.0,0.9,1.0,0.87,2.8,1.1,0.7,0.5,0.5,6.1
Robert Williams,C,23,14.0,1.8,2.7,0.677,0.0,0.6,1.1,0.56,4.7,1.0,0.9,1.2,0.9,4.3
Nigel Williams-Goss,PG,9,3.1,0.1,0.8,0.14300000000000002,0.0,0.2,0.2,1.0,0.6,0.6,0.1,0.1,0.2,0.4
Zion Williamson,PF,20,29.0,8.9,15.0,0.593,0.3,5.0,7.7,0.647,6.5,2.1,0.8,0.5,2.7,23.1
D.J. Wilson,PF,32,8.8,1.3,3.2,0.396,0.4,0.2,0.3,0.667,2.1,0.7,0.1,0.2,0.5,3.1
Justise Winslow,SF,11,32.0,4.5,11.7,0.38799999999999996,0.5,1.6,2.5,0.667,6.6,4.0,0.6,0.5,2.2,11.3
Christian Wood,PF,62,21.4,4.6,8.2,0.5670000000000001,0.9,2.9,3.9,0.7440000000000001,6.3,1.0,0.5,0.9,1.4,13.1
Delon Wright,SG,66,21.6,2.7,5.8,0.47,0.7,1.1,1.4,0.789,4.0,3.3,1.2,0.3,1.0,7.3
Justin Wright-Foreman,PG,1,2.0,0.0,0.0,,0.0,0.0,0.0,,0.0,0.0,0.0,0.0,0.0,0.0
Thaddeus Young,PF,64,24.9,4.2,9.4,0.44799999999999995,1.2,0.7,1.1,0.583,4.9,1.8,1.4,0.4,1.6,10.3
Trae Young,PG,60,35.3,9.1,20.8,0.43700000000000006,3.4,8.0,9.3,0.86,4.3,9.3,1.1,0.1,4.8,29.6
Cody Zeller,C,58,23.1,4.3,8.3,0.524,0.3,2.1,3.1,0.682,7.1,1.5,0.7,0.4,1.3,11.1
Ante Žižić,C,22,10.0,1.9,3.3,0.569,0.0,0.6,0.9,0.737,3.0,0.3,0.3,0.2,0.5,4.4
Ivica Zubac,C,65,18.0,3.1,5.2,0.599,0.0,1.6,2.2,0.759,7.1,1.1,0.2,0.9,0.8,7.9
