Player,Team,Positions,PTS,REB,AST,BLK,STL,FG%,FT%,3PM,GP,MIN,TO
James Harden,HOU,"PG,SG",2458.00,465.00,570.00,52.00,151.00,0.45,0.87,299.00,79.00,2825.00,368.00
Stephen Curry,GSW,"PG,SG",2222.00,424.00,454.00,25.00,117.00,0.47,0.92,402.00,77.00,2607.00,238.00
Giannis Antetokounmpo,MIL,"SF,PF",2176.00,923.00,457.00,118.00,101.00,0.56,0.75,61.00,76.00,2664.00,246.00
Damian Lillard,POR,PG,2147.00,339.00,554.00,29.00,89.00,0.44,0.91,248.00,80.00,2920.00,213.00
Anthony Davis,LAL,"PF,C",2117.00,852.00,230.00,191.00,122.00,0.53,0.81,67.00,74.00,2694.00,164.00
Bradley Beal,WAS,SG,2064.00,403.00,423.00,46.00,113.00,0.47,0.80,213.00,79.00,2859.00,199.00
LeBron James,LAL,"SF,PF",2006.00,635.00,627.00,51.00,98.00,0.54,0.72,145.00,74.00,2648.00,281.00
Karl-Anthony Towns,MIN,C,2003.00,984.00,256.00,126.00,67.00,0.53,0.85,146.00,80.00,2766.00,220.00
Devin Booker,PHO,"PG,SG",1936.00,304.00,411.00,18.00,66.00,0.46,0.86,168.00,73.00,2569.00,264.00
Donovan Mitchell,UTH,"PG,SG",1918.00,334.00,323.00,33.00,119.00,0.44,0.82,201.00,79.00,2708.00,217.00
Kemba Walker,BOS,PG,1864.00,306.00,468.00,29.00,96.00,0.45,0.85,240.00,80.00,2719.00,182.00
Kawhi Leonard,LAC,"SG,SF",1833.00,496.00,251.00,50.00,124.00,0.50,0.87,142.00,70.00,2389.00,140.00
Kyrie Irving,BKN,"PG,SG",1780.00,283.00,468.00,25.00,91.00,0.48,0.88,190.00,73.00,2395.00,185.00
Joel Embiid,PHI,"PF,C",1777.00,867.00,240.00,129.00,46.00,0.49,0.79,81.00,68.00,2187.00,238.00
DeMar DeRozan,SAS,"SG,SF",1760.00,417.00,414.00,29.00,84.00,0.47,0.83,54.00,78.00,2666.00,181.00
CJ McCollum,POR,"PG,SG",1722.00,330.00,264.00,33.00,68.00,0.46,0.85,190.00,78.00,2788.00,133.00
LaMarcus Aldridge,SAS,"PF,C",1684.00,691.00,170.00,96.00,42.00,0.51,0.85,18.00,78.00,2594.00,132.00
Russell Westbrook,HOU,PG,1670.00,676.00,656.00,29.00,133.00,0.45,0.73,125.00,74.00,2627.00,326.00
Jimmy Butler,MIA,"SG,SF",1660.00,433.00,383.00,47.00,139.00,0.46,0.86,117.00,76.00,2635.00,129.00
Paul George,LAC,"SF,PF ",1654.00,507.00,276.00,30.00,130.00,0.45,0.84,243.00,69.00,2493.00,177.00
Jrue Holiday,NOR,"PG,SG",1642.00,371.00,471.00,59.00,117.00,0.48,0.78,143.00,77.00,2690.00,216.00
Luka Doncic,DAL,"PG,SG,PF",1638.00,552.00,475.00,25.00,89.00,0.44,0.76,176.00,76.00,2446.00,250.00
Blake Griffin,DET,"PF,C",1603.00,515.00,367.00,24.00,47.00,0.45,0.77,151.00,69.00,2355.00,202.00
Nikola Jokic,DEN,"PF,C",1599.00,889.00,573.00,61.00,103.00,0.51,0.84,107.00,78.00,2585.00,226.00
Buddy Hield,SAC,SG,1594.00,388.00,201.00,29.00,70.00,0.45,0.88,268.00,80.00,2445.00,142.00
Zach LaVine,CHI,"PG,SG",1593.00,321.00,303.00,23.00,72.00,0.44,0.83,148.00,73.00,2444.00,198.00
Trae Young,ATL,PG,1555.00,289.00,644.00,17.00,73.00,0.43,0.85,166.00,77.00,2379.00,295.00
Julius Randle,NYK,"PF,C",1519.00,652.00,258.00,47.00,49.00,0.52,0.73,55.00,79.00,2279.00,213.00
D'Angelo Russell,GSW,"PG,SG",1517.00,313.00,435.00,21.00,96.00,0.44,0.77,219.00,77.00,2364.00,232.00
Tobias Harris,PHI,"SF,PF",1515.00,583.00,222.00,40.00,65.00,0.47,0.85,161.00,80.00,2737.00,124.00
Khris Middleton,MIL,"SG,SF",1504.00,460.00,333.00,13.00,101.00,0.46,0.86,174.00,78.00,2632.00,176.00
John Collins,ATL,"PF,C",1450.00,744.00,142.00,88.00,45.00,0.57,0.75,55.00,76.00,2308.00,154.00
Mike Conley,UTH,PG,1429.00,251.00,448.00,23.00,93.00,0.45,0.84,163.00,73.00,2341.00,134.00
Nikola Vucevic,ORL,"PF,C",1427.00,846.00,285.00,89.00,75.00,0.50,0.78,79.00,77.00,2361.00,139.00
Lou Williams,LAC,"PG,SG",1426.00,212.00,340.00,11.00,60.00,0.44,0.88,132.00,78.00,2111.00,178.00
Jamal Murray,DEN,"PG,SG",1417.00,331.00,352.00,29.00,72.00,0.44,0.87,161.00,79.00,2551.00,160.00
Zion Williamson,NOR,PF ,1407.00,649.00,219.00,84.00,112.00,0.56,0.70,60.00,74.00,2247.00,156.00
Andre Drummond,DET,"PF,C",1389.00,1237.00,156.00,140.00,128.00,0.57,0.58,4.00,79.00,2681.00,178.00
De'Aaron Fox,SAC,PG,1387.00,295.00,568.00,41.00,114.00,0.44,0.74,96.00,78.00,2538.00,225.00
Collin Sexton,CLE,PG,1382.00,249.00,326.00,14.00,52.00,0.43,0.81,111.00,79.00,2546.00,206.00
Ben Simmons,PHI,"PG,SF",1378.00,679.00,674.00,70.00,122.00,0.54,0.62,11.00,79.00,2699.00,267.00
Deandre Ayton,PHO,C,1377.00,778.00,140.00,105.00,59.00,0.57,0.75,0.00,75.00,2355.00,147.00
Jayson Tatum,BOS,"SF,PF",1376.00,488.00,174.00,61.00,89.00,0.47,0.83,131.00,79.00,2520.00,123.00
Danilo Gallinari,OKC,"SF,PF",1368.00,424.00,160.00,22.00,50.00,0.43,0.90,162.00,70.00,2179.00,106.00
Kyle Kuzma,LAL,"SF,PF ",1361.00,434.00,171.00,32.00,45.00,0.47,0.73,152.00,77.00,2416.00,132.00
Lauri Markkanen,CHI,PF,1352.00,620.00,101.00,46.00,47.00,0.44,0.85,176.00,73.00,2334.00,103.00
Marvin Bagley III,SAC,PF,1340.00,662.00,117.00,83.00,48.00,0.49,0.73,38.00,74.00,2171.00,151.00
Andrew Wiggins,MIN,"SG,SF",1335.00,338.00,172.00,46.00,72.00,0.43,0.71,120.00,76.00,2622.00,145.00
Victor Oladipo,IND,"PG,SG ",1319.00,341.00,323.00,31.00,119.00,0.46,0.79,140.00,62.00,2060.00,159.00
Harrison Barnes,SAC,"SF,PF",1291.00,383.00,125.00,15.00,48.00,0.44,0.83,135.00,77.00,2466.00,101.00
Dennis Smith Jr.,NYK,"PG,SG",1287.00,283.00,375.00,25.00,85.00,0.42,0.68,121.00,78.00,2426.00,222.00
Pascal Siakam,TOR,PF,1286.00,550.00,244.00,54.00,76.00,0.52,0.74,78.00,78.00,2366.00,129.00
Aaron Gordon,ORL,"SF,PF",1279.00,564.00,241.00,56.00,64.00,0.45,0.72,127.00,77.00,2479.00,137.00
TJ Warren,IND,"SF,PF",1272.00,330.00,107.00,45.00,82.00,0.50,0.78,75.00,73.00,2336.00,75.00
Ja Morant,MEM,PG,1257.00,314.00,582.00,27.00,100.00,0.44,0.80,132.00,76.00,2366.00,246.00
Kevin Love,CLE,"PF,C",1246.00,682.00,151.00,24.00,35.00,0.43,0.89,168.00,69.00,2113.00,129.00
Jaylen Brown,BOS,"SG,SF",1225.00,383.00,138.00,46.00,98.00,0.48,0.67,147.00,77.00,2368.00,121.00
Kyle Lowry,TOR,PG,1223.00,364.00,528.00,29.00,99.00,0.43,0.84,201.00,72.00,2399.00,190.00
JJ Redick,NOR,SG,1219.00,171.00,180.00,12.00,32.00,0.45,0.90,220.00,76.00,2179.00,97.00
Gordon Hayward,BOS,"SG,SF",1212.00,385.00,303.00,27.00,68.00,0.48,0.84,107.00,75.00,2277.00,136.00
Brandon Ingram,NOR,"SG,SF",1210.00,357.00,234.00,49.00,51.00,0.49,0.70,52.00,72.00,2254.00,162.00
RJ Barrett,NYK,"SF,SG",1205.00,428.00,223.00,26.00,58.00,0.43,0.72,154.00,75.00,2138.00,128.00
Evan Fournier,ORL,"SG,SF",1205.00,243.00,258.00,11.00,67.00,0.44,0.84,151.00,77.00,2407.00,131.00
Rudy Gobert,UTH,C,1197.00,992.00,142.00,197.00,61.00,0.65,0.66,0.00,77.00,2520.00,132.00
Goran Dragic,MIA,"PG,SG",1191.00,274.00,390.00,11.00,65.00,0.45,0.79,113.00,75.00,2354.00,162.00
Otto Porter Jr.,CHI,"SF,PF",1188.00,456.00,177.00,46.00,113.00,0.48,0.81,152.00,78.00,2478.00,82.00
Kristaps Porzingis,DAL,"PF,C",1180.00,410.00,72.00,108.00,40.00,0.44,0.80,117.00,59.00,1786.00,99.00
Eric Gordon,HOU,"SG,SF",1178.00,170.00,146.00,29.00,44.00,0.42,0.82,218.00,75.00,2281.00,112.00
Bojan Bogdanovic,UTH,"SG,SF",1173.00,360.00,150.00,11.00,78.00,0.49,0.74,136.00,78.00,2348.00,116.00
Eric Bledsoe,MIL,"PG,SG ",1172.00,352.00,426.00,33.00,122.00,0.47,0.79,128.00,76.00,2331.00,190.00
Dennis Schroder,OKC,"PG,SG",1169.00,245.00,330.00,11.00,59.00,0.43,0.83,106.00,77.00,2002.00,170.00
Gary Harris,DEN,"SG,SF",1163.00,209.00,190.00,19.00,106.00,0.47,0.82,144.00,74.00,2420.00,104.00
Reggie Jackson,DET,"PG,SG",1162.00,199.00,364.00,7.00,49.00,0.43,0.86,126.00,74.00,2182.00,150.00
Jaren Jackson Jr.,MEM,"PF,C",1156.00,499.00,103.00,120.00,75.00,0.49,0.78,67.00,74.00,2129.00,142.00
Malcolm Brogdon,IND,"PG,SG",1154.00,301.00,348.00,14.00,67.00,0.48,0.90,125.00,74.00,2245.00,120.00
Jonas Valanciunas,MEM,C,1150.00,698.00,112.00,96.00,34.00,0.56,0.80,34.00,76.00,1896.00,141.00
Clint Capela,HOU,"PF,C",1146.00,842.00,97.00,134.00,55.00,0.64,0.59,0.00,75.00,2358.00,109.00
Jordan Clarkson,CLE,"PG,SG",1139.00,233.00,208.00,11.00,53.00,0.45,0.83,121.00,78.00,2012.00,133.00
Terry Rozier,CHA,"PG,SG",1131.00,407.00,316.00,25.00,84.00,0.40,0.76,168.00,78.00,2229.00,109.00
Tim Hardaway Jr.,DAL,"SG,SF ",1112.00,228.00,164.00,9.00,54.00,0.41,0.84,154.00,73.00,1911.00,92.00
Josh Richardson,PHI,"SG,SF",1111.00,280.00,237.00,66.00,109.00,0.45,0.84,155.00,77.00,2578.00,119.00
Myles Turner,IND,"PF,C",1110.00,587.00,131.00,185.00,57.00,0.48,0.76,84.00,77.00,2264.00,107.00
Domantas Sabonis,IND,"PF,C",1106.00,737.00,250.00,38.00,55.00,0.53,0.73,20.00,78.00,2160.00,167.00
Marc Gasol,TOR,C,1104.00,564.00,309.00,87.00,67.00,0.45,0.81,101.00,76.00,2295.00,143.00
Chris Paul,OKC,PG,1100.00,310.00,534.00,17.00,114.00,0.44,0.89,136.00,66.00,2043.00,171.00
Jeremy Lamb,IND,"SG,SF",1097.00,363.00,203.00,30.00,79.00,0.46,0.88,113.00,77.00,2038.00,81.00
Derrick Favors,NOR,"PF,C",1094.00,642.00,114.00,114.00,62.00,0.55,0.67,18.00,76.00,2146.00,108.00
Montrezl Harrell,LAC,"PF,C",1092.00,529.00,170.00,99.00,58.00,0.58,0.68,9.00,77.00,1929.00,106.00
Caris LeVert,BKN,"SG,SF",1085.00,296.00,314.00,41.00,90.00,0.46,0.72,98.00,73.00,1982.00,121.00
Steven Adams,OKC,C,1079.00,786.00,117.00,78.00,106.00,0.60,0.54,0.00,79.00,2538.00,133.00
Rodney Hood,POR,"SG,SF",1077.00,200.00,146.00,15.00,62.00,0.44,0.85,126.00,75.00,2096.00,89.00
Bogdan Bogdanovic,SAC,"SG,SF",1076.00,264.00,295.00,19.00,78.00,0.44,0.83,154.00,78.00,2166.00,113.00
Thomas Bryant,WAS,C,1073.00,706.00,145.00,102.00,33.00,0.58,0.78,54.00,78.00,2058.00,77.00
Kevin Knox,NYK,"SF,PF",1070.00,363.00,107.00,36.00,54.00,0.42,0.74,90.00,77.00,2392.00,120.00
Taurean Prince,BKN,SF,1061.00,337.00,178.00,32.00,73.00,0.44,0.83,164.00,77.00,2289.00,154.00
Serge Ibaka,TOR,"PF,C",1048.00,564.00,78.00,92.00,32.00,0.49,0.80,78.00,75.00,1982.00,102.00
Enes Kanter,BOS,C,1044.00,703.00,133.00,34.00,40.00,0.58,0.82,6.00,73.00,1985.00,130.00
Miles Bridges,CHA,SF,1042.00,447.00,140.00,71.00,82.00,0.46,0.76,78.00,79.00,2149.00,79.00
Darius Garland,CLE,"PG,SG",1029.00,214.00,233.00,8.00,54.00,0.46,0.82,149.00,76.00,1748.00,159.00
Paul Millsap,DEN,"PF,C",1000.00,516.00,174.00,66.00,86.00,0.47,0.73,62.00,73.00,2178.00,117.00
Brook Lopez,MIL,C,997.00,372.00,110.00,152.00,41.00,0.46,0.81,174.00,77.00,2067.00,96.00
Hassan Whiteside,POR,C,994.00,846.00,65.00,149.00,47.00,0.55,0.61,0.00,73.00,1892.00,112.00
Shai Gilgeous-Alexander,OKC,"PG,SG",994.00,264.00,352.00,43.00,111.00,0.46,0.79,70.00,77.00,2217.00,168.00
Dario Saric,PHO,"PF,C",994.00,474.00,162.00,16.00,53.00,0.45,0.86,133.00,77.00,2231.00,122.00
Rui Hachimura,WAS,"PF,SF",986.00,492.00,139.00,71.00,85.00,0.49,0.72,50.00,77.00,2002.00,102.00
Will Barton,DEN,"SG,SF",985.00,357.00,256.00,39.00,51.00,0.43,0.79,124.00,73.00,2284.00,116.00
Al Horford,PHI,"PF,C",982.00,534.00,311.00,95.00,58.00,0.51,0.82,85.00,74.00,2242.00,120.00
Tyler Herro,MIA,SG,962.00,229.00,156.00,26.00,56.00,0.44,0.85,150.00,78.00,2028.00,94.00
Dejounte Murray,SAS,PG,960.00,516.00,307.00,35.00,99.00,0.46,0.72,12.00,75.00,2250.00,165.00
Fred VanVleet,TOR,PG,952.00,207.00,333.00,22.00,69.00,0.42,0.84,154.00,73.00,1868.00,92.00
Ricky Rubio,PHO,PG,952.00,302.00,564.00,10.00,116.00,0.42,0.87,90.00,75.00,2282.00,200.00
Alex Len,ATL,"PF,C",945.00,541.00,99.00,85.00,36.00,0.52,0.70,61.00,77.00,1706.00,99.00
Kelly Oubre Jr.,PHO,SF,941.00,352.00,101.00,52.00,89.00,0.41,0.80,97.00,80.00,2055.00,83.00
De'Andre Hunter,ATL,SF,939.00,398.00,167.00,33.00,90.00,0.49,0.75,105.00,77.00,2002.00,107.00
Terrence Ross,ORL,"SG,SF",937.00,228.00,112.00,27.00,64.00,0.42,0.84,162.00,73.00,1733.00,71.00
Wendell Carter Jr.,CHI,"C,PF",937.00,640.00,132.00,103.00,49.00,0.50,0.77,12.00,79.00,2244.00,123.00
D.J. Augustin,ORL,PG,936.00,197.00,391.00,0.00,54.00,0.46,0.86,135.00,78.00,2260.00,134.00
Jeff Teague,MIN,PG,931.00,207.00,525.00,26.00,87.00,0.43,0.82,78.00,74.00,2361.00,180.00
Rudy Gay,SAS,"SF,PF",918.00,414.00,155.00,40.00,56.00,0.47,0.80,75.00,72.00,1663.00,110.00
Kent Bazemore,POR,"SG,SF",918.00,307.00,200.00,49.00,100.00,0.42,0.75,111.00,75.00,2001.00,142.00
Nicolas Batum,CHA,"SG,SF",912.00,374.00,371.00,35.00,70.00,0.42,0.84,121.00,74.00,2343.00,145.00
Josh Jackson,MEM,"SG,SF",912.00,362.00,158.00,50.00,80.00,0.43,0.64,82.00,77.00,2218.00,147.00
Justise Winslow,MIA,"PF,PG,SF",911.00,428.00,293.00,31.00,81.00,0.43,0.63,93.00,73.00,2146.00,132.00
Isaiah Thomas,WAS,PG,909.00,136.00,301.00,9.00,48.00,0.39,0.85,113.00,68.00,1675.00,154.00
Spencer Dinwiddie,BKN,"PG,SG",909.00,183.00,340.00,20.00,46.00,0.43,0.80,108.00,75.00,1744.00,119.00
Bobby Portis,NYK,"PF,C",908.00,487.00,103.00,28.00,43.00,0.46,0.77,81.00,73.00,1705.00,95.00
Kevin Huerter,ATL,SG,894.00,264.00,224.00,20.00,77.00,0.43,0.77,157.00,77.00,1985.00,119.00
Derrick White,SAS,"PG,SG",885.00,293.00,277.00,54.00,77.00,0.48,0.79,65.00,75.00,1950.00,116.00
Joe Ingles,UTH,"SG,SF",885.00,335.00,357.00,31.00,88.00,0.47,0.72,151.00,79.00,2283.00,155.00
Marcus Morris,NYK,"SF,PF",880.00,370.00,97.00,20.00,38.00,0.43,0.81,110.00,74.00,1881.00,77.00
Kelly Olynyk,MIA,"PF,C",878.00,427.00,179.00,45.00,60.00,0.48,0.80,112.00,78.00,1837.00,130.00
Joe Harris,BKN,"SG,SF",874.00,259.00,142.00,15.00,33.00,0.50,0.81,152.00,75.00,1876.00,99.00
Bam Adebayo,MIA,"PF,C",869.00,662.00,190.00,87.00,75.00,0.54,0.72,0.00,79.00,2001.00,104.00
Jabari Parker,ATL,"SF,PF",866.00,363.00,118.00,26.00,44.00,0.49,0.72,73.00,72.00,1685.00,117.00
Robert Covington,MIN,"SF,PF",863.00,342.00,162.00,59.00,118.00,0.43,0.78,167.00,77.00,2189.00,103.00
Malik Monk,CHA,SG,857.00,161.00,177.00,22.00,49.00,0.39,0.86,149.00,76.00,1592.00,112.00
Dion Waiters,MIA,"SG,SF ",854.00,184.00,217.00,20.00,47.00,0.41,0.62,138.00,71.00,1719.00,114.00
Jerami Grant,DEN,"SF,PF",849.00,348.00,98.00,99.00,56.00,0.49,0.70,72.00,79.00,1892.00,68.00
Dillon Brooks,MEM,"SG,SF",844.00,220.00,110.00,16.00,64.00,0.45,0.75,82.00,77.00,1890.00,107.00
Jarrett Allen,BKN,"PF,C",837.00,612.00,88.00,114.00,41.00,0.60,0.74,8.00,79.00,2079.00,108.00
Dwight Howard,LAL,"PF,C",836.00,647.00,71.00,83.00,37.00,0.59,0.57,0.00,73.00,1702.00,131.00
Lonzo Ball,NOR,PG,826.00,437.00,612.00,44.00,123.00,0.41,0.60,138.00,71.00,2299.00,176.00
Rondae Hollis-Jefferson,TOR,"SF,PF ",825.00,437.00,148.00,48.00,71.00,0.47,0.76,12.00,78.00,1759.00,107.00
Willie Cauley-Stein,GSW,"PF,C ",819.00,503.00,166.00,61.00,73.00,0.55,0.59,1.00,76.00,2042.00,90.00
Kentavious Caldwell-Pope,LAL,"SG,SF",817.00,236.00,114.00,15.00,72.00,0.42,0.85,124.00,72.00,2124.00,64.00
Luke Kennard,DET,"SG,SF",817.00,250.00,164.00,17.00,47.00,0.45,0.82,129.00,75.00,1841.00,88.00
Draymond Green,GSW,"PF,C",817.00,602.00,580.00,97.00,113.00,0.44,0.73,81.00,76.00,2554.00,225.00
Mitchell Robinson,NYK,C,815.00,671.00,59.00,220.00,78.00,0.68,0.62,0.00,78.00,2019.00,57.00
Ish Smith,WAS,PG,812.00,228.00,344.00,17.00,54.00,0.46,0.72,54.00,79.00,1639.00,92.00
Wesley Matthews,MIL,"SG,SF",806.00,170.00,141.00,14.00,57.00,0.43,0.82,112.00,73.00,1773.00,77.00
Mario Hezonja,POR,"SG,SF",799.00,348.00,131.00,16.00,83.00,0.43,0.80,83.00,75.00,1841.00,112.00
DeMarre Carroll,SAS,"SF,PF",799.00,388.00,114.00,22.00,55.00,0.42,0.76,111.00,77.00,2020.00,78.00
DeAndre Jordan,BKN,C,798.00,936.00,139.00,78.00,38.00,0.66,0.62,0.00,78.00,2142.00,130.00
Thaddeus Young,CHI,"SF,PF",797.00,372.00,127.00,25.00,77.00,0.49,0.64,59.00,77.00,1937.00,96.00
Derrick Rose,DET,"PG,SG",778.00,141.00,203.00,10.00,38.00,0.45,0.86,68.00,62.00,1345.00,87.00
Jonathan Isaac,ORL,"SF,PF",775.00,424.00,90.00,107.00,88.00,0.43,0.81,89.00,74.00,1929.00,100.00
Bryn Forbes,SAS,"PG,SG",775.00,186.00,133.00,0.00,29.00,0.45,0.83,137.00,78.00,1872.00,60.00
Klay Thompson,GSW,"SG,SF ",769.00,135.00,85.00,19.00,32.00,0.46,0.86,121.00,38.00,1301.00,56.00
Elfrid Payton,NYK,PG,766.00,297.00,416.00,27.00,71.00,0.46,0.70,51.00,76.00,1941.00,161.00
OG Anunoby,TOR,"SF,PF",761.00,302.00,79.00,29.00,79.00,0.46,0.64,106.00,77.00,1940.00,81.00
Markieff Morris,DET,"PF,C",760.00,348.00,112.00,31.00,48.00,0.45,0.81,82.00,72.00,1910.00,88.00
Avery Bradley,LAL,"PG,SG",755.00,207.00,143.00,16.00,53.00,0.43,0.81,98.00,72.00,1802.00,96.00
James Johnson,MIA,"SF,PF",750.00,317.00,245.00,61.00,63.00,0.48,0.71,71.00,76.00,1680.00,107.00
Cedi Osman,CLE,"SF,PF",748.00,288.00,139.00,16.00,56.00,0.45,0.71,96.00,77.00,1599.00,94.00
Jae Crowder,MEM,"SF,PF",748.00,292.00,105.00,24.00,57.00,0.41,0.77,119.00,77.00,1795.00,65.00
Markelle Fultz,ORL,"PG,SG",746.00,237.00,252.00,24.00,70.00,0.42,0.66,29.00,72.00,1589.00,102.00
Tyler Johnson,PHO,"PG,SG",746.00,211.00,175.00,33.00,60.00,0.43,0.79,94.00,76.00,1892.00,81.00
Marcus Smart,BOS,"PG,SG",745.00,319.00,270.00,39.00,122.00,0.42,0.77,121.00,77.00,2025.00,120.00
Norman Powell,TOR,"SG,SF",728.00,212.00,129.00,19.00,58.00,0.46,0.80,95.00,75.00,1275.00,93.00
Dewayne Dedmon,SAC,C,727.00,550.00,96.00,71.00,63.00,0.52,0.78,70.00,74.00,1801.00,86.00
Seth Curry,DAL,"PG,SG",720.00,161.00,113.00,14.00,51.00,0.46,0.83,99.00,69.00,1295.00,79.00
Kris Dunn,CHI,"PG,SG",720.00,246.00,344.00,32.00,103.00,0.43,0.77,44.00,71.00,1903.00,151.00
JaVale McGee,LAL,C,720.00,457.00,60.00,110.00,41.00,0.61,0.67,0.00,76.00,1340.00,77.00
JaMychal Green,LAC,"PF,C",711.00,526.00,79.00,34.00,46.00,0.49,0.75,73.00,75.00,1777.00,95.00
Allen Crabbe,ATL,"SG,SF",705.00,235.00,86.00,23.00,42.00,0.41,0.82,140.00,76.00,1889.00,65.00
Tomas Satoransky,CHI,"PG,SG",704.00,281.00,288.00,17.00,61.00,0.47,0.80,67.00,75.00,1826.00,102.00
Dwight Powell,DAL,"PF,C ",700.00,367.00,148.00,40.00,53.00,0.53,0.75,44.00,72.00,1703.00,79.00
Danny Green,LAL,"SG,SF",693.00,280.00,124.00,59.00,68.00,0.43,0.82,155.00,76.00,1953.00,74.00
Zach Collins,POR,"PF,C",690.00,427.00,103.00,85.00,35.00,0.45,0.72,57.00,76.00,1611.00,101.00
Jeff Green,UTH,"SF,PF",686.00,222.00,93.00,22.00,33.00,0.46,0.88,59.00,74.00,1399.00,70.00
Delon Wright,DAL,"PG,SG",686.00,256.00,254.00,30.00,91.00,0.44,0.82,63.00,75.00,1459.00,79.00
C.J. Miles,WAS,"SG,SF ",685.00,175.00,62.00,21.00,46.00,0.37,0.83,142.00,75.00,1348.00,50.00
Austin Rivers,HOU,"PG,SG",681.00,135.00,160.00,17.00,46.00,0.43,0.61,107.00,74.00,1688.00,74.00
George Hill,MIL,"PG,SG",680.00,189.00,217.00,19.00,63.00,0.46,0.83,90.00,71.00,1813.00,82.00
Frank Kaminsky,PHO,"PF,C",675.00,237.00,103.00,27.00,33.00,0.43,0.78,75.00,79.00,1469.00,63.00
Anfernee Simons,POR,SG,669.00,157.00,157.00,10.00,44.00,0.44,0.73,77.00,67.00,1219.00,104.00
Cody Zeller,CHA,"PF,C",666.00,451.00,122.00,57.00,46.00,0.55,0.76,9.00,71.00,1694.00,77.00
Taj Gibson,NYK,"PF,C",664.00,410.00,70.00,43.00,41.00,0.56,0.76,9.00,76.00,2053.00,66.00
Tristan Thompson,CLE,"PF,C",662.00,656.00,98.00,40.00,35.00,0.52,0.62,0.00,76.00,1904.00,85.00
Landry Shamet,LAC,"PG,SF",661.00,132.00,148.00,7.00,37.00,0.43,0.80,140.00,76.00,1501.00,58.00
Larry Nance Jr.,CLE,"PF,C",659.00,563.00,166.00,44.00,101.00,0.54,0.68,21.00,74.00,1769.00,83.00
Monte Morris,DEN,PG,652.00,148.00,235.00,0.00,54.00,0.49,0.80,70.00,79.00,1343.00,41.00
Davis Bertans,WAS,"PF,C",649.00,272.00,111.00,36.00,40.00,0.44,0.85,151.00,77.00,1294.00,48.00
Tony Snell,DET,"SG,SF",647.00,216.00,99.00,19.00,44.00,0.44,0.85,119.00,75.00,1743.00,45.00
Gerald Green,HOU,"SG,SF ",639.00,170.00,37.00,24.00,31.00,0.41,0.87,128.00,59.00,1234.00,46.00
Patrick Beverley,LAC,"PG,SG",639.00,335.00,335.00,39.00,78.00,0.43,0.77,118.00,76.00,2033.00,88.00
Patty Mills,SAS,PG,638.00,134.00,183.00,5.00,42.00,0.42,0.85,117.00,77.00,1574.00,76.00
Courtney Lee,DAL,"SG,SF",631.00,167.00,119.00,11.00,56.00,0.45,0.89,84.00,79.00,1715.00,55.00
Josh Hart,NOR,"SG,SF",629.00,273.00,103.00,32.00,57.00,0.44,0.72,103.00,71.00,1725.00,67.00
Kevon Looney,GSW,"PF,C",627.00,483.00,117.00,82.00,59.00,0.55,0.64,21.00,77.00,1670.00,61.00
Brandon Clarke,MEM,PF,620.00,404.00,89.00,79.00,57.00,0.50,0.75,29.00,76.00,1042.00,59.00
Trey Lyles,SAS,PF,617.00,298.00,79.00,27.00,26.00,0.47,0.70,64.00,78.00,1267.00,53.00
Aaron Holiday,IND,PG,614.00,137.00,221.00,21.00,59.00,0.42,0.78,77.00,70.00,1463.00,105.00
Robin Lopez,MIL,C,609.00,290.00,82.00,80.00,10.00,0.57,0.75,7.00,76.00,1517.00,84.00
Trey Burke,PHI,PG,607.00,96.00,213.00,3.00,32.00,0.50,0.72,52.00,50.00,1070.00,59.00
Trevor Ariza,SAC,"SG,SF",606.00,253.00,136.00,14.00,73.00,0.41,0.80,110.00,74.00,1918.00,57.00
Al-Farouq Aminu,ORL,"SF,PF",604.00,458.00,84.00,31.00,61.00,0.43,0.76,82.00,76.00,1790.00,87.00
Dante Exum,UTH,"PG,SG",603.00,138.00,227.00,9.00,35.00,0.45,0.79,44.00,64.00,1242.00,96.00
Stanley Johnson,TOR,"SG,SF",601.00,272.00,113.00,18.00,85.00,0.39,0.77,72.00,76.00,1691.00,89.00
Maurice Harkless,LAC,SF,600.00,267.00,85.00,55.00,70.00,0.50,0.68,61.00,78.00,1797.00,62.00
Michael Kidd-Gilchrist,CHA,SF,599.00,341.00,80.00,43.00,49.00,0.48,0.76,25.00,77.00,1694.00,52.00
Ivica Zubac,LAC,C,594.00,445.00,86.00,69.00,27.00,0.53,0.76,0.00,72.00,1200.00,85.00
Mikal Bridges,PHO,"SG,SF",594.00,279.00,140.00,38.00,93.00,0.44,0.79,65.00,78.00,1688.00,57.00
Jakob Poeltl,SAS,C,592.00,479.00,94.00,91.00,43.00,0.63,0.57,0.00,76.00,1490.00,71.00
Gorgui Dieng,MIN,"PF,C",591.00,402.00,90.00,51.00,59.00,0.50,0.84,27.00,78.00,1474.00,70.00
Marvin Williams,CHA,"SF,PF",588.00,331.00,72.00,30.00,44.00,0.43,0.80,107.00,69.00,1634.00,37.00
Kyle Anderson,MEM,"SG,SF,PF",588.00,397.00,206.00,59.00,97.00,0.52,0.69,22.00,75.00,2010.00,116.00
Justin Holiday,IND,"SG,SF",587.00,201.00,102.00,21.00,63.00,0.41,0.85,104.00,73.00,1685.00,61.00
Doug McDermott,IND,SF,578.00,143.00,70.00,11.00,18.00,0.49,0.85,88.00,74.00,1595.00,44.00
Justin Jackson,DAL,SF,574.00,214.00,94.00,14.00,29.00,0.45,0.75,88.00,76.00,1748.00,33.00
Kyle Korver,MIL,"SG,SF",573.00,153.00,85.00,17.00,29.00,0.44,0.89,134.00,65.00,1489.00,55.00
Shabazz Napier,MIN,PG,573.00,131.00,153.00,16.00,61.00,0.40,0.83,76.00,72.00,1243.00,78.00
P.J. Tucker,HOU,"SF,PF",561.00,467.00,94.00,32.00,112.00,0.41,0.71,130.00,81.00,2434.00,65.00
Jusuf Nurkic,POR,C ,558.00,367.00,100.00,53.00,35.00,0.50,0.67,0.00,42.00,1147.00,90.00
Emmanuel Mudiay,UTH,PG,557.00,153.00,190.00,15.00,39.00,0.43,0.77,49.00,71.00,1150.00,106.00
Ersan Ilyasova,MIL,"SF,PF",557.00,322.00,65.00,22.00,41.00,0.44,0.79,69.00,75.00,1375.00,54.00
Michael Porter Jr.,DEN,"SF,PF",548.00,196.00,96.00,16.00,39.00,0.45,0.80,66.00,63.00,1212.00,53.00
Pau Gasol,POR,"PF,C",544.00,454.00,131.00,35.00,29.00,0.47,0.80,37.00,77.00,1370.00,75.00
Alfonzo McKinnie,GSW,"PF,SF",534.00,390.00,45.00,21.00,30.00,0.49,0.56,69.00,77.00,1502.00,47.00
Royce O'Neale,UTH,"SF,SG",532.00,313.00,127.00,26.00,60.00,0.47,0.80,65.00,81.00,1539.00,75.00
Mason Plumlee,DEN,"PF,C",528.00,322.00,170.00,44.00,58.00,0.53,0.65,26.00,77.00,1313.00,90.00
Evan Turner,ATL,"SG,SF",526.00,236.00,202.00,23.00,44.00,0.45,0.81,29.00,77.00,1640.00,101.00
Willy Hernangomez,CHA,C,525.00,377.00,69.00,29.00,27.00,0.52,0.71,27.00,69.00,951.00,65.00
Josh Okogie,MIN,SG,519.00,202.00,129.00,29.00,76.00,0.40,0.76,58.00,72.00,1390.00,97.00
Lonnie Walker IV,SAS,SG,518.00,159.00,132.00,17.00,71.00,0.43,0.81,51.00,68.00,1337.00,75.00
Troy Brown Jr.,WAS,"SG,SF",518.00,266.00,136.00,19.00,57.00,0.44,0.72,59.00,76.00,1341.00,81.00
Rajon Rondo,LAL,PG,517.00,284.00,454.00,9.00,69.00,0.44,0.61,55.00,73.00,1686.00,150.00
Anthony Tolliver,POR,"SF,PF",516.00,224.00,68.00,20.00,27.00,0.44,0.78,116.00,78.00,1454.00,46.00
Jalen Brunson,DAL,PG,509.00,145.00,205.00,5.00,33.00,0.46,0.77,55.00,73.00,1073.00,73.00
DeAndre' Bembry,ATL,SF,505.00,261.00,147.00,29.00,76.00,0.46,0.65,33.00,76.00,1292.00,102.00
Denzel Valentine,CHI,"SG,SF ",502.00,243.00,146.00,6.00,41.00,0.43,0.77,90.00,65.00,1392.00,63.00
Mohamed Bamba,ORL,C,500.00,384.00,62.00,100.00,24.00,0.50,0.63,22.00,71.00,1212.00,67.00
Cory Joseph,SAC,"PG,SG",495.00,213.00,224.00,16.00,67.00,0.42,0.75,52.00,80.00,1619.00,71.00
Mike Muscala,OKC,"PF,C",492.00,253.00,71.00,34.00,27.00,0.45,0.84,86.00,70.00,1286.00,49.00
Tyus Jones,MEM,PG,489.00,144.00,310.00,8.00,93.00,0.44,0.88,47.00,77.00,1555.00,57.00
Marquese Chriss,GSW,"PF,C",488.00,318.00,69.00,66.00,43.00,0.44,0.62,52.00,79.00,1269.00,89.00
J.J. Barea,DAL,"PG,SG",482.00,120.00,250.00,0.00,20.00,0.44,0.77,65.00,51.00,1018.00,81.00
Goga Bitadze,IND,C,477.00,323.00,67.00,74.00,33.00,0.50,0.67,16.00,77.00,996.00,74.00
Boban Marjanovic,DAL,C,476.00,311.00,64.00,31.00,17.00,0.62,0.78,4.00,71.00,568.00,70.00
Nerlens Noel,OKC,"PF,C",468.00,403.00,57.00,85.00,73.00,0.58,0.72,0.00,74.00,1245.00,61.00
Ante Zizic,CLE,C ,462.00,321.00,45.00,42.00,16.00,0.56,0.73,0.00,72.00,927.00,61.00
Bismack Biyombo,CHA,"PF,C",460.00,418.00,57.00,88.00,20.00,0.52,0.64,0.00,82.00,1540.00,74.00
Nemanja Bjelica,SAC,"PF,SF",459.00,270.00,89.00,26.00,38.00,0.47,0.78,69.00,72.00,1256.00,54.00
Jahlil Okafor,NOR,C,457.00,227.00,37.00,42.00,15.00,0.56,0.70,0.00,58.00,799.00,59.00
Daniel Theis,BOS,"PF,C",454.00,289.00,82.00,51.00,28.00,0.57,0.72,27.00,71.00,994.00,46.00
Jordan Bell,MIN,"PF,C",450.00,368.00,165.00,97.00,46.00,0.56,0.70,0.00,70.00,1856.00,80.00
Wilson Chandler,BKN,"SF,PF",445.00,232.00,85.00,19.00,23.00,0.44,0.76,56.00,65.00,1359.00,54.00
Greg Monroe,PHI,"PF,C",443.00,271.00,91.00,25.00,37.00,0.54,0.73,0.00,52.00,817.00,70.00
Luke Kornet,CHI,"PF,C",443.00,258.00,54.00,60.00,29.00,0.50,0.77,39.00,75.00,1069.00,48.00
Aron Baynes,PHO,C,433.00,353.00,74.00,52.00,15.00,0.48,0.81,30.00,76.00,1136.00,61.00
Khem Birch,ORL,"PF,C",429.00,280.00,61.00,71.00,62.00,0.50,0.74,40.00,74.00,1209.00,75.00
Pat Connaughton,MIL,"SG,SF",426.00,209.00,99.00,21.00,28.00,0.47,0.77,75.00,71.00,1257.00,32.00
Ed Davis,UTH,"PF,C",423.00,622.00,57.00,47.00,36.00,0.63,0.61,0.00,77.00,1386.00,57.00
Noah Vonleh,MIN,"PF,C",419.00,396.00,92.00,36.00,34.00,0.47,0.70,34.00,76.00,1216.00,59.00
James Ennis III,PHI,"SG,SF",417.00,196.00,54.00,18.00,38.00,0.48,0.76,45.00,71.00,1173.00,39.00
Thon Maker,DET,"PF,C",417.00,248.00,45.00,61.00,38.00,0.42,0.70,48.00,79.00,1260.00,42.00
T.J. McConnell,IND,PG,389.00,156.00,254.00,10.00,72.00,0.49,0.79,16.00,77.00,1271.00,79.00
Matisse Thybulle,PHI,"SF,SG",366.00,139.00,71.00,48.00,74.00,0.42,0.80,41.00,66.00,921.00,50.00
Richaun Holmes,SAC,"PF,C",363.00,192.00,77.00,36.00,30.00,0.53,0.73,22.00,63.00,901.00,33.00
Andre Roberson,OKC,"SG,SF",361.00,316.00,75.00,56.00,69.00,0.50,0.37,21.00,67.00,1822.00,49.00
Jaxson Hayes,NOR,C,354.00,226.00,34.00,80.00,28.00,0.62,0.71,8.00,76.00,912.00,50.00
Tyler Ulis,SAC,PG,334.00,185.00,162.00,40.00,42.00,0.49,0.76,13.00,50.00,1093.00,62.00
Kenneth Faried,HOU,"PF,C",328.00,227.00,28.00,23.00,23.00,0.52,0.69,0.00,48.00,777.00,39.00
John Henson,CLE,"PF,C",319.00,278.00,41.00,44.00,20.00,0.51,0.59,0.00,52.00,1038.00,44.00
Tyson Chandler,HOU,C,311.00,385.00,40.00,33.00,18.00,0.65,0.64,0.00,64.00,1197.00,55.00
Andre Iguodala,MEM,"SG,SF",309.00,186.00,162.00,32.00,49.00,0.50,0.65,35.00,54.00,1388.00,43.00
Bruno Fernando,ATL,"C,PF",306.00,231.00,50.00,33.00,19.00,0.54,0.72,11.00,74.00,592.00,52.00
Kyle O'Quinn,PHI,"PF,C",286.00,227.00,81.00,51.00,17.00,0.52,0.77,2.00,54.00,732.00,48.00
Amir Johnson,PHI,"PF,C",274.00,211.00,76.00,34.00,26.00,0.56,0.66,11.00,53.00,741.00,43.00
Jonah Bolden,PHI,"PF,C",261.00,214.00,51.00,48.00,20.00,0.50,0.54,44.00,70.00,837.00,47.00
Damian Jones,ATL,C,258.00,150.00,53.00,44.00,22.00,0.69,0.65,0.00,61.00,488.00,34.00
Kosta Koufos,SAC,"PF,C",253.00,250.00,41.00,21.00,24.00,0.55,0.51,0.00,50.00,774.00,31.00
DeMarcus Cousins,LAL,"PF,C ",224.00,125.00,39.00,19.00,19.00,0.48,0.75,21.00,24.00,626.00,49.00
Tyler Zeller,DEN,"PF,C",196.00,135.00,26.00,16.00,12.00,0.52,0.76,4.00,42.00,515.00,21.00
Timofey Mozgov,ORL,C,178.00,110.00,16.00,20.00,9.00,0.55,0.77,4.00,42.00,495.00,36.00
Ian Mahinmi,WAS,C ,142.00,123.00,22.00,23.00,22.00,0.58,0.69,0.00,48.00,431.00,36.00
Joakim Noah,MEM,"PF,C",141.00,133.00,41.00,25.00,18.00,0.47,0.64,0.00,42.00,484.00,27.00
